,plan_encoded,country_encoded,acquisition_channel_encoded,primary_device_encoded,age_encoded,show_genre_encoded,lifecycle_stage_encoded,is_bundled_encoded,nps_score,has_showtime_add_on_encoded
0,0,4,4,3,26,5,0,0,6.2,0
1,2,4,3,4,41,3,0,0,6.0,0
2,3,0,2,2,42,4,0,1,6.4,1
3,2,0,3,5,27,1,2,0,5.5,0
4,0,0,4,4,23,2,0,1,2.3,0
5,1,4,5,2,12,3,2,0,4.3,0
6,0,4,0,3,7,1,0,1,3.4,0
7,3,2,1,3,16,1,2,0,6.6,1
8,3,1,5,2,12,4,3,1,6.7,1
9,0,4,3,0,25,6,0,0,6.4,1
10,0,2,5,4,11,1,0,0,10.0,0
11,2,2,0,4,5,0,1,1,8.3,0
12,1,4,3,3,22,5,3,0,2.2,0
13,2,2,3,4,22,1,2,0,8.1,1
14,2,1,1,1,18,2,1,0,5.8,0
15,1,4,3,4,9,2,0,0,5.5,0
16,3,1,4,0,24,2,2,1,6.4,1
17,0,1,1,1,14,2,1,1,5.0,0
18,3,4,3,3,34,7,1,1,8.5,1
19,2,1,4,0,15,2,0,0,7.2,0
20,3,0,2,3,13,2,0,1,6.1,1
21,1,4,3,1,3,2,0,0,8.3,0
22,3,0,1,3,18,1,0,1,8.7,1
23,1,3,3,2,10,0,1,1,7.3,0
24,2,4,1,4,19,3,3,1,9.9,0
25,0,4,1,4,31,2,0,0,6.7,0
26,0,4,5,3,21,4,1,0,2.1,0
27,1,3,1,4,24,4,0,1,9.8,0
28,2,0,0,5,8,2,1,0,5.4,0
29,2,4,1,2,24,4,3,1,5.3,0
30,1,4,4,1,21,2,0,0,6.4,1
31,1,4,5,4,15,2,1,1,5.6,0
32,1,1,2,0,24,4,0,0,7.1,0
33,2,4,3,0,16,0,4,0,3.4,0
34,1,4,0,5,15,7,1,0,4.7,0
35,0,4,1,0,25,1,0,1,6.4,0
36,2,4,1,5,23,5,0,0,6.4,0
37,1,4,4,1,19,2,0,1,6.6,0
38,2,0,2,5,17,2,0,1,7.2,0
39,1,3,3,5,3,6,1,0,9.0,0
40,3,4,2,3,31,1,0,0,4.5,1
41,3,0,4,5,0,1,0,0,7.8,1
42,3,3,0,3,6,4,1,0,5.3,1
43,1,2,0,5,12,3,0,1,3.1,1
44,2,4,0,4,5,1,0,0,6.4,0
45,0,2,1,0,41,1,0,1,6.4,0
46,3,4,3,4,31,2,0,0,3.8,1
47,1,4,2,2,38,2,2,1,3.0,0
48,0,4,1,2,23,4,0,1,8.2,0
49,3,4,2,1,1,0,0,0,7.6,1
50,3,3,3,2,23,1,0,0,7.3,1
51,1,3,5,4,23,2,1,0,7.1,0
52,0,2,0,3,46,6,2,0,7.5,0
53,2,4,5,3,29,1,0,1,4.4,0
54,3,3,5,5,36,7,2,1,4.7,1
55,2,3,1,1,25,3,4,0,8.3,0
56,2,3,5,2,16,7,0,1,6.4,0
57,1,3,1,4,8,4,0,0,6.3,0
58,2,1,0,3,23,4,0,0,8.3,0
59,1,4,5,2,40,5,0,0,5.9,1
60,3,4,5,2,28,7,0,0,4.6,1
61,1,2,5,0,26,4,2,1,6.0,0
62,3,1,5,5,26,1,0,1,6.3,1
63,3,0,0,5,0,3,3,1,5.5,1
64,0,1,0,2,22,2,3,1,3.8,0
65,0,4,3,5,25,0,0,0,4.6,0
66,0,4,0,4,20,7,4,1,4.0,0
67,0,1,1,3,27,7,0,1,6.4,1
68,2,4,2,2,0,1,2,1,4.4,1
69,2,4,5,1,27,4,2,0,6.4,0
70,0,4,2,1,27,7,3,0,9.0,0
71,3,4,3,0,29,2,0,0,5.8,1
72,2,4,0,1,9,7,0,0,6.0,0
73,3,4,4,2,21,1,0,1,10.0,1
74,0,1,2,0,29,2,0,0,6.4,0
75,1,1,3,5,35,1,0,0,6.6,0
76,3,1,5,2,9,4,0,1,8.0,1
77,0,3,0,5,23,7,3,0,6.6,0
78,3,0,1,0,50,0,0,1,7.9,1
79,3,4,0,0,22,2,2,0,6.4,1
80,0,0,1,2,8,1,2,0,6.2,0
81,3,4,4,4,32,4,0,0,6.4,1
82,1,1,2,2,13,2,0,0,5.1,1
83,0,4,0,5,25,4,3,0,3.7,0
84,2,4,3,4,49,6,1,0,8.8,0
85,3,0,4,2,13,1,0,0,9.3,1
86,3,2,5,0,26,3,4,0,8.2,1
87,1,4,4,2,19,1,3,0,0.0,0
88,2,4,3,5,16,2,2,1,3.8,0
89,0,4,5,5,0,4,0,0,5.5,0
90,1,1,5,4,40,2,0,1,3.3,0
91,3,4,0,2,20,2,2,1,4.3,1
92,2,4,5,3,22,7,0,0,6.4,0
93,1,1,2,0,14,0,2,1,6.4,0
94,1,3,0,4,42,2,0,0,3.8,0
95,0,4,4,3,0,7,4,1,6.2,0
96,0,4,0,0,23,2,0,0,5.1,0
97,0,4,0,3,13,6,1,0,5.2,0
98,3,1,0,3,24,4,0,1,5.0,1
99,1,0,4,4,24,4,3,0,8.3,0
100,1,0,5,1,8,2,0,0,5.3,0
101,3,2,1,5,28,1,3,0,6.5,1
102,0,4,0,3,37,1,3,0,5.2,0
103,1,4,5,1,17,2,0,1,6.0,0
104,2,4,0,2,31,7,1,0,6.4,0
105,3,4,4,1,20,2,1,0,8.0,1
106,1,4,0,5,24,4,0,1,6.2,0
107,0,1,1,1,28,2,1,0,4.7,0
108,0,1,2,5,5,2,1,1,3.8,0
109,2,1,1,3,31,2,0,0,6.4,1
110,3,4,1,0,19,7,0,0,4.5,1
111,1,4,0,4,10,2,0,1,8.6,0
112,3,3,1,1,8,0,0,1,5.8,1
113,0,4,3,4,12,5,0,0,4.7,1
114,0,2,0,3,23,2,0,0,5.4,0
115,3,4,4,5,23,7,4,1,3.3,1
116,0,4,2,4,9,0,0,0,6.0,0
117,2,4,4,5,40,5,0,1,6.4,0
118,1,4,4,4,19,2,0,0,4.3,0
119,0,1,0,2,15,7,0,1,6.4,0
120,1,1,5,1,27,2,0,1,9.9,0
121,2,4,4,4,25,2,3,1,6.4,0
122,3,4,3,0,23,2,0,0,6.5,1
123,3,1,5,4,9,2,1,1,6.4,1
124,3,4,2,5,40,6,0,1,6.4,1
125,0,4,3,2,9,2,2,0,8.4,0
126,1,1,3,0,50,7,1,1,4.7,0
127,0,0,4,1,11,5,0,1,1.8,0
128,3,4,4,3,9,6,0,0,6.8,1
129,0,0,2,3,46,4,0,1,8.6,0
130,0,4,3,4,7,1,0,0,6.4,0
131,3,4,4,4,45,5,0,1,6.4,1
132,3,4,0,1,0,5,1,0,9.5,1
133,0,4,3,2,37,7,0,0,3.0,0
134,1,3,1,4,20,2,1,1,6.6,0
135,2,4,4,0,28,0,0,0,4.2,1
136,3,1,5,5,21,0,0,1,6.4,1
137,3,3,0,2,4,2,0,1,3.1,1
138,1,1,0,2,24,2,2,0,4.9,0
139,1,4,5,3,21,6,0,1,9.1,0
140,1,0,1,2,48,6,0,0,10.0,0
141,0,3,0,0,33,7,0,0,7.9,0
142,0,4,3,3,6,7,0,0,8.0,0
143,3,4,5,4,0,3,3,0,3.9,1
144,2,4,4,4,16,6,4,1,8.1,0
145,2,4,2,0,21,2,2,0,10.0,0
146,3,4,1,2,0,0,1,1,6.4,1
147,1,2,5,0,19,2,1,1,2.0,0
148,0,4,4,3,1,2,0,1,6.4,0
149,1,4,3,1,6,2,1,0,5.4,0
150,0,4,0,1,19,7,3,1,8.6,0
151,0,4,5,1,27,7,1,1,5.3,1
152,0,4,3,2,18,6,1,1,4.2,0
153,0,3,5,2,3,6,0,1,10.0,0
154,2,4,1,5,10,5,4,0,6.4,0
155,0,4,1,2,16,6,0,0,7.9,0
156,1,4,2,0,12,7,1,0,5.2,0
157,3,3,2,4,0,5,0,1,3.2,1
158,0,4,5,5,43,3,0,0,6.0,0
159,2,1,4,4,24,3,2,0,10.0,0
160,2,4,0,5,18,2,0,0,4.4,0
161,2,4,4,0,22,4,0,1,4.8,1
162,3,1,4,5,10,2,1,0,4.1,1
163,3,4,1,0,32,2,0,0,6.5,1
164,2,4,4,3,21,7,1,0,4.6,0
165,2,4,4,4,27,1,3,0,6.4,0
166,3,2,5,4,7,7,0,0,3.5,1
167,0,4,0,4,46,7,0,0,6.4,0
168,2,4,2,3,10,2,0,1,6.4,0
169,2,3,4,3,7,2,1,0,6.6,0
170,0,3,4,4,23,2,0,1,6.4,0
171,0,4,0,1,7,4,3,0,5.2,0
172,3,4,0,1,27,7,0,0,4.3,1
173,3,2,0,5,30,6,4,0,6.4,1
174,2,4,5,3,10,2,0,1,7.8,0
175,1,4,4,4,0,3,1,0,2.9,0
176,3,4,5,4,23,2,3,1,6.4,1
177,3,0,0,2,0,2,3,0,6.4,1
178,0,2,4,1,10,3,0,0,6.6,0
179,0,0,3,2,14,6,1,0,8.7,0
180,0,4,3,0,31,2,3,1,4.0,0
181,0,4,4,4,40,4,0,0,1.1,0
182,1,4,0,4,28,2,0,0,6.1,0
183,1,0,0,1,11,4,3,0,6.7,0
184,2,4,3,2,36,1,1,1,7.1,0
185,2,4,4,0,14,2,0,0,5.4,0
186,0,2,3,3,25,7,3,0,5.6,0
187,3,4,0,2,49,4,1,0,8.4,1
188,3,3,4,5,36,1,1,1,5.6,1
189,1,4,1,4,5,1,1,0,2.4,0
190,3,4,0,1,20,2,0,0,10.0,1
191,1,4,3,2,16,5,0,0,8.3,0
192,0,1,1,1,23,7,0,1,8.2,0
193,2,1,5,0,36,4,1,1,7.2,0
194,0,2,1,3,28,7,0,0,10.0,1
195,1,3,4,1,23,5,0,0,5.5,0
196,3,3,3,0,31,6,0,1,4.6,1
197,0,4,4,5,13,3,3,1,7.6,0
198,3,4,1,3,34,7,4,1,5.4,1
199,2,2,4,5,6,2,3,1,5.5,0
200,3,4,0,4,30,4,4,0,4.5,1
201,2,3,5,3,38,7,3,0,7.4,0
202,0,4,2,2,9,2,1,0,3.8,0
203,2,0,3,3,40,0,3,1,7.9,0
204,0,4,3,0,23,1,2,1,4.0,0
205,1,2,5,5,21,2,2,0,6.7,1
206,2,0,5,1,26,7,0,0,7.0,0
207,3,0,5,0,26,6,0,0,10.0,1
208,0,4,0,3,42,2,2,0,5.4,0
209,1,4,4,3,18,6,0,1,6.6,0
210,1,4,1,1,0,2,3,0,9.9,0
211,3,4,2,1,14,4,0,1,4.3,1
212,0,4,4,3,31,2,4,0,6.7,0
213,1,1,5,4,1,3,3,0,5.8,0
214,3,4,2,4,16,2,3,1,3.2,1
215,2,4,5,4,16,1,3,1,0.6,0
216,1,4,0,3,16,1,0,0,8.0,0
217,0,1,2,0,35,0,0,1,5.9,0
218,2,3,5,3,56,2,1,0,6.6,0
219,3,1,4,5,19,1,0,0,6.9,1
220,3,4,4,0,11,2,0,0,5.3,1
221,0,2,4,3,12,2,0,0,4.9,0
222,0,4,5,2,16,1,1,0,6.4,0
223,0,4,3,2,35,2,4,0,9.2,1
224,3,0,2,1,15,2,1,1,6.4,1
225,0,3,5,2,9,2,3,0,4.1,0
226,0,4,3,2,33,7,1,1,9.3,1
227,3,0,4,0,4,4,0,0,5.3,1
228,0,0,0,2,2,2,1,0,8.1,0
229,0,4,5,2,14,5,1,0,8.1,0
230,0,1,4,1,14,4,4,0,9.1,0
231,3,3,3,3,28,4,1,0,7.8,1
232,0,0,0,4,24,6,0,0,3.7,0
233,3,4,2,1,17,4,0,0,5.4,1
234,1,4,2,5,10,1,3,0,3.4,0
235,3,4,1,1,28,1,0,0,3.7,1
236,3,4,4,0,0,4,0,1,10.0,1
237,0,4,1,1,18,2,0,0,5.3,0
238,3,4,3,3,19,3,3,0,8.9,1
239,3,4,2,0,22,4,0,0,5.7,1
240,2,1,3,4,24,5,0,1,2.7,1
241,3,0,5,5,30,6,0,1,6.9,1
242,3,3,4,5,20,1,1,0,7.3,1
243,1,4,1,4,9,7,0,0,6.9,0
244,1,0,1,0,25,6,1,0,2.8,0
245,3,4,3,0,26,5,3,0,7.1,1
246,1,4,3,4,43,2,1,1,8.7,0
247,0,1,0,2,2,0,1,0,5.1,0
248,3,4,3,2,27,2,3,0,4.9,1
249,0,4,1,0,9,7,0,0,5.2,1
250,3,4,5,5,7,2,3,0,6.4,1
251,2,2,1,5,34,3,1,0,4.4,0
252,0,3,2,0,26,7,1,0,6.9,0
253,2,1,5,1,29,2,1,1,6.4,0
254,1,4,4,3,55,4,3,0,6.3,0
255,0,1,4,5,10,7,2,0,6.4,0
256,2,4,4,1,11,0,0,0,10.0,0
257,2,1,0,2,12,7,4,0,7.9,0
258,3,4,4,1,28,3,3,0,3.0,1
259,3,4,0,0,16,2,3,0,6.4,1
260,2,4,5,4,22,1,1,0,3.6,1
261,1,4,1,2,28,2,0,0,7.7,1
262,2,4,1,0,31,6,2,0,7.5,0
263,3,1,2,3,0,3,2,0,7.4,1
264,0,3,3,2,23,6,2,0,6.4,0
265,1,4,0,5,34,4,2,0,6.4,0
266,2,2,1,0,20,4,3,0,6.6,0
267,2,2,0,1,12,1,1,0,6.7,0
268,2,4,2,0,13,4,0,1,5.8,0
269,0,4,1,2,13,1,1,1,9.3,0
270,1,4,0,3,17,4,2,1,5.5,0
271,2,1,0,3,22,4,0,0,6.4,0
272,2,4,1,3,23,2,3,1,8.5,0
273,2,4,5,1,34,5,1,1,5.4,0
274,1,0,0,2,52,2,0,0,5.7,0
275,0,3,3,2,40,2,0,1,10.0,1
276,3,4,2,3,14,2,0,1,5.9,1
277,2,0,4,3,7,5,3,1,4.3,0
278,1,4,5,1,19,2,0,0,6.4,0
279,1,1,4,4,6,7,1,0,6.4,0
280,3,4,1,0,19,5,3,0,8.0,1
281,0,4,2,5,25,2,0,0,6.9,0
282,0,2,0,2,24,4,1,0,10.0,0
283,1,4,3,4,12,7,0,1,5.1,0
284,1,4,0,5,11,6,0,0,9.1,0
285,2,0,4,4,12,2,0,0,4.7,0
286,2,4,1,4,12,6,1,1,7.9,0
287,2,4,5,3,0,2,0,0,9.9,0
288,3,4,0,5,11,2,0,0,5.6,1
289,2,4,3,1,24,2,4,0,6.4,0
290,3,4,4,4,17,2,1,0,4.7,1
291,0,2,3,3,9,7,0,1,6.4,0
292,2,4,0,0,12,4,2,1,7.0,0
293,1,4,4,1,36,2,0,0,10.0,0
294,0,1,3,3,13,4,1,1,8.8,0
295,2,4,4,0,45,1,1,1,6.4,0
296,0,4,1,3,28,1,0,0,8.9,0
297,3,4,2,2,27,2,0,1,6.4,1
298,2,4,3,1,39,4,1,0,7.9,0
299,0,4,5,1,22,6,2,1,9.2,1
300,3,1,0,1,25,4,3,0,5.6,1
301,2,1,2,1,37,0,2,1,6.9,0
302,0,4,5,2,0,3,0,1,8.1,0
303,2,1,2,2,50,7,0,0,5.8,0
304,3,1,3,3,23,2,1,0,10.0,1
305,1,4,3,4,23,4,0,1,7.8,0
306,0,4,5,4,13,2,0,0,6.9,1
307,1,3,1,3,5,1,3,0,6.8,0
308,3,2,4,4,36,3,0,0,3.1,1
309,2,3,5,4,25,1,0,1,6.4,1
310,3,4,3,3,12,0,2,0,6.4,1
311,0,4,1,4,0,2,2,0,7.5,0
312,3,3,0,0,5,1,1,0,8.1,1
313,0,3,4,3,12,7,1,0,3.7,0
314,2,2,3,0,29,2,2,1,6.3,0
315,1,4,0,1,5,1,0,1,3.1,0
316,0,0,5,1,19,2,0,0,6.4,0
317,3,2,2,0,24,1,3,0,3.7,1
318,1,1,0,3,18,2,0,0,9.0,1
319,2,4,5,3,26,2,1,1,6.4,0
320,1,4,5,3,28,0,0,1,9.4,0
321,0,4,4,5,29,2,0,0,6.4,0
322,2,4,0,2,10,3,1,1,10.0,0
323,3,4,5,0,0,4,3,1,6.8,1
324,1,4,5,1,31,1,0,1,5.1,0
325,0,4,0,5,0,7,2,0,5.5,0
326,3,4,5,4,0,7,2,1,6.4,1
327,0,4,3,2,25,0,4,1,4.4,0
328,1,4,5,1,19,2,4,1,4.0,0
329,3,2,1,1,32,4,0,0,6.0,1
330,1,2,3,4,22,7,3,1,2.0,0
331,1,4,1,4,10,4,1,0,4.3,0
332,3,1,1,3,45,0,0,0,7.9,1
333,1,1,1,2,28,4,3,0,9.6,1
334,3,1,1,3,20,2,0,0,5.1,1
335,0,4,5,3,25,7,2,0,8.5,0
336,2,4,3,0,34,2,0,1,6.4,0
337,2,4,4,2,22,7,0,0,10.0,0
338,2,4,5,3,44,7,4,0,6.9,0
339,0,1,4,1,13,3,0,0,5.8,0
340,2,4,0,0,27,2,3,0,5.2,0
341,2,1,4,2,49,4,4,0,10.0,0
342,3,1,3,0,20,2,3,0,6.8,1
343,0,1,4,5,5,7,1,1,5.9,0
344,3,2,0,5,25,2,0,0,7.9,1
345,0,2,0,0,42,4,4,0,3.8,0
346,1,0,4,2,23,7,1,0,8.8,0
347,1,0,2,5,13,6,0,0,8.9,0
348,0,4,2,2,17,7,2,0,8.4,0
349,2,4,0,4,0,2,3,0,9.7,0
350,3,4,2,3,11,0,4,0,7.4,1
351,0,2,5,5,23,7,1,1,5.3,1
352,0,1,2,0,19,2,1,1,9.1,0
353,3,4,3,3,14,2,1,0,6.4,1
354,2,2,2,2,36,4,2,1,2.7,0
355,3,4,0,4,4,0,3,0,3.7,1
356,1,4,2,3,13,4,4,1,7.3,0
357,0,4,4,2,26,2,1,0,6.4,0
358,1,1,0,1,33,6,0,0,5.4,0
359,2,1,0,1,14,5,0,0,6.4,0
360,1,4,0,4,15,6,0,0,5.7,0
361,1,3,4,2,49,3,0,1,7.3,0
362,3,4,0,1,34,1,2,1,6.4,1
363,0,3,0,3,17,4,3,1,6.4,1
364,3,0,4,0,30,5,1,0,6.6,1
365,0,4,4,0,18,4,4,0,6.4,1
366,3,4,5,2,32,7,2,0,7.3,1
367,2,3,2,1,0,7,0,0,10.0,0
368,3,4,0,2,35,6,4,0,4.2,1
369,3,4,0,5,5,2,0,0,5.1,1
370,3,2,1,0,17,2,1,0,7.0,1
371,0,3,1,1,26,3,1,0,6.8,0
372,0,4,4,5,53,2,0,0,6.4,0
373,1,4,5,0,34,1,0,0,6.4,1
374,0,0,3,4,28,5,1,0,4.0,0
375,2,4,5,5,3,7,3,0,6.4,0
376,0,4,4,2,19,4,4,0,7.2,0
377,3,0,0,2,25,4,0,0,10.0,1
378,3,4,2,2,16,7,0,1,8.6,1
379,3,1,3,3,2,2,4,0,7.8,1
380,1,4,3,3,15,7,1,0,9.5,0
381,1,4,5,0,21,2,4,1,6.1,0
382,2,1,0,4,4,1,0,0,3.3,0
383,0,4,4,2,8,7,0,0,6.4,0
384,3,4,3,2,11,4,1,0,6.4,1
385,2,4,1,2,34,4,0,0,5.0,0
386,1,1,4,3,33,2,1,0,5.8,0
387,0,4,0,4,52,5,0,0,3.4,0
388,1,4,0,5,34,2,4,1,10.0,0
389,1,0,0,2,27,7,1,0,7.8,0
390,1,4,2,2,30,7,0,0,7.1,1
391,3,4,4,1,19,0,0,1,6.4,1
392,1,1,0,5,0,3,3,1,6.3,0
393,3,2,2,0,4,4,3,1,6.9,1
394,3,4,3,4,32,2,3,1,3.0,1
395,0,3,2,1,33,1,1,0,4.3,0
396,0,4,3,5,27,5,3,0,4.4,1
397,2,4,3,4,1,2,0,1,5.2,0
398,1,4,0,2,0,2,1,0,7.5,0
399,2,4,4,4,27,2,0,0,7.0,0
400,3,4,1,4,21,2,0,0,5.6,1
401,3,4,4,2,27,2,0,1,6.6,1
402,0,4,3,3,10,4,0,0,6.4,0
403,0,3,0,2,44,2,0,0,6.4,0
404,0,4,1,5,9,3,0,1,8.5,0
405,0,4,1,3,37,2,1,0,5.0,0
406,3,4,1,3,8,1,1,0,10.0,1
407,2,4,1,3,24,2,0,1,7.9,0
408,1,3,2,1,17,2,0,0,6.2,0
409,0,4,5,0,17,4,0,0,6.4,1
410,3,0,3,3,12,2,0,0,3.5,1
411,2,1,5,4,56,2,0,0,4.7,0
412,2,4,3,2,43,6,2,0,6.4,0
413,2,3,3,2,42,5,0,1,5.7,0
414,1,2,5,5,11,1,0,1,4.3,0
415,3,2,5,0,2,2,2,1,6.6,1
416,3,0,0,5,23,7,3,0,3.1,1
417,1,4,4,0,31,2,4,0,2.1,0
418,1,4,2,0,37,2,0,0,3.8,0
419,0,0,0,3,25,0,0,0,4.9,0
420,2,0,1,3,27,3,0,1,6.7,0
421,1,4,5,4,7,2,4,0,6.9,0
422,0,4,5,3,18,7,0,0,4.5,0
423,3,2,4,0,37,2,3,1,6.4,1
424,2,0,3,2,4,0,0,0,6.4,0
425,1,4,1,1,21,6,3,0,10.0,0
426,3,4,1,2,22,2,3,0,5.8,1
427,3,0,0,4,17,6,0,1,6.4,1
428,0,4,4,3,8,2,0,0,3.6,1
429,0,4,4,1,27,4,0,1,4.1,0
430,1,4,2,0,25,7,3,1,10.0,0
431,0,2,5,2,31,6,0,0,6.4,0
432,3,2,3,4,32,2,1,1,5.9,1
433,1,4,3,0,24,4,0,1,5.0,1
434,1,1,3,5,17,2,1,0,4.8,0
435,2,1,3,5,7,5,0,0,6.4,0
436,2,4,2,1,35,4,4,0,6.4,0
437,0,3,3,5,31,3,1,1,9.6,0
438,3,4,1,5,20,5,0,1,3.6,1
439,1,0,4,4,15,4,2,0,5.2,0
440,3,2,0,0,20,2,2,0,7.7,1
441,1,1,2,5,26,3,0,0,6.6,1
442,3,2,4,1,6,7,3,0,6.2,1
443,3,3,0,3,28,3,3,1,9.9,1
444,2,0,3,5,17,5,0,1,9.8,1
445,0,4,1,0,15,1,0,0,5.2,0
446,0,4,5,3,14,6,1,1,6.4,0
447,3,0,2,0,20,1,4,1,7.5,1
448,3,4,4,4,33,7,2,0,3.2,1
449,3,4,5,3,33,7,0,0,3.5,1
450,0,3,0,3,3,4,2,0,2.5,0
451,0,4,1,3,30,6,0,0,5.2,0
452,3,0,1,0,12,3,0,1,7.4,1
453,2,2,4,5,22,4,0,1,6.5,0
454,0,1,0,2,21,4,3,0,4.4,0
455,1,4,4,0,17,0,1,0,6.4,0
456,0,0,1,1,13,2,0,1,4.6,0
457,3,4,4,2,43,2,3,0,6.4,1
458,0,1,0,2,40,2,1,1,6.0,1
459,2,4,1,1,34,0,0,1,5.2,0
460,0,4,2,3,29,3,3,1,5.4,0
461,1,4,4,4,11,7,0,0,8.1,0
462,3,1,3,5,38,7,2,0,9.9,1
463,3,4,1,4,9,6,2,1,7.5,1
464,3,2,4,1,48,4,1,0,6.8,1
465,3,1,5,3,22,1,0,0,6.4,1
466,0,4,3,2,36,4,1,0,5.1,0
467,2,4,1,2,27,2,3,1,6.4,0
468,2,4,2,1,33,6,0,0,4.8,0
469,3,4,4,0,41,1,4,0,6.4,1
470,0,4,4,0,38,7,0,1,7.7,0
471,2,3,0,3,50,2,0,1,5.1,0
472,2,1,2,0,20,4,0,0,7.1,0
473,3,4,0,5,27,2,0,0,7.7,1
474,3,4,4,4,14,2,0,1,4.7,1
475,3,1,4,1,0,1,0,1,10.0,1
476,1,1,1,5,16,5,1,1,5.9,0
477,0,4,5,5,31,4,1,0,8.4,0
478,0,4,2,4,17,1,0,1,7.1,0
479,3,0,3,5,42,5,3,0,7.6,1
480,3,1,4,2,29,1,0,1,9.1,1
481,2,4,5,2,1,5,0,0,7.4,1
482,2,4,1,1,12,1,3,0,7.8,0
483,0,4,2,2,20,2,3,0,7.2,0
484,1,0,0,1,23,4,2,0,10.0,0
485,2,2,3,0,0,2,0,0,8.2,0
486,0,2,3,5,38,2,1,0,8.0,0
487,3,4,3,0,2,1,4,0,6.0,1
488,0,4,0,5,11,2,1,0,7.8,0
489,3,3,1,2,25,4,0,0,6.4,1
490,1,4,4,1,36,4,1,0,5.2,0
491,2,4,2,5,20,2,0,1,4.8,0
492,1,2,0,5,18,7,1,0,7.4,0
493,2,1,1,2,13,1,2,1,8.1,1
494,1,0,2,2,44,2,1,0,5.6,0
495,3,1,4,4,33,0,1,1,3.4,1
496,0,1,1,3,0,4,0,1,9.3,0
497,0,4,5,4,55,6,0,0,5.3,0
498,0,1,0,4,41,2,0,1,6.4,0
499,0,4,4,3,36,2,0,0,8.8,0
500,1,1,5,1,30,2,4,1,6.4,0
501,0,4,3,3,19,4,2,1,6.1,0
502,3,2,2,3,29,4,3,0,8.6,1
503,2,1,0,4,40,3,0,1,4.0,0
504,3,3,1,0,9,7,1,0,2.4,1
505,0,4,5,4,18,5,4,0,6.4,0
506,2,3,3,2,5,2,0,0,10.0,0
507,2,1,4,2,28,5,0,1,6.0,1
508,1,4,3,5,14,0,0,0,8.9,0
509,1,1,0,2,41,2,0,0,5.4,0
510,0,4,2,4,21,3,3,0,2.6,0
511,1,4,3,3,17,6,0,1,6.4,0
512,3,3,5,5,27,4,0,1,6.4,1
513,2,3,3,5,0,2,1,0,6.4,0
514,0,4,3,0,43,7,1,1,5.5,0
515,2,4,1,5,26,2,4,0,4.3,0
516,1,4,3,0,30,1,1,0,9.2,0
517,3,4,3,2,17,2,3,0,4.6,1
518,2,3,3,4,16,2,0,0,7.3,0
519,3,0,4,0,8,4,0,0,9.8,1
520,2,0,5,1,19,6,1,1,6.4,0
521,3,4,2,0,32,3,3,0,8.1,1
522,0,2,2,2,20,2,1,1,7.6,0
523,3,2,3,4,12,1,4,0,8.2,1
524,3,0,2,3,24,7,2,0,3.5,1
525,0,4,0,3,19,6,0,0,2.9,1
526,1,4,1,4,9,2,2,1,6.4,0
527,0,4,3,5,36,2,1,1,6.4,0
528,1,1,3,5,26,2,0,1,8.0,0
529,0,1,3,4,14,7,1,0,6.4,0
530,3,4,5,1,4,2,1,1,0.1,1
531,3,4,3,3,32,2,1,1,1.3,1
532,2,2,3,2,28,1,0,1,10.0,0
533,0,4,0,2,9,7,3,0,6.4,0
534,2,1,1,2,10,7,2,0,4.7,0
535,3,2,4,5,6,1,3,0,6.8,1
536,3,1,1,3,24,0,0,0,5.9,1
537,0,4,0,0,0,0,2,0,8.4,0
538,0,4,3,1,17,0,0,0,10.0,0
539,3,4,5,2,9,3,3,0,5.6,1
540,1,2,0,5,21,4,1,0,3.3,0
541,1,4,4,3,10,2,0,0,6.4,0
542,3,4,2,5,13,4,4,0,9.3,1
543,1,3,0,3,31,2,0,0,6.4,0
544,1,1,3,1,10,2,0,1,6.4,0
545,0,1,2,5,14,4,0,1,6.4,0
546,2,4,1,4,48,5,3,1,6.4,0
547,0,4,2,3,39,0,0,0,6.3,1
548,2,4,1,0,5,2,0,0,7.4,0
549,1,4,5,4,33,1,0,1,9.1,0
550,3,3,2,4,28,7,0,0,7.2,1
551,3,4,1,0,15,7,0,0,7.2,1
552,0,4,1,0,22,5,2,1,9.4,0
553,3,1,3,3,35,1,4,1,9.4,1
554,3,3,3,5,0,2,3,1,5.2,1
555,0,0,1,4,19,1,3,0,4.3,0
556,2,4,3,0,31,2,0,1,7.7,0
557,2,4,2,0,14,1,3,0,5.6,0
558,3,2,0,5,42,2,2,0,6.4,1
559,1,4,2,5,41,2,0,1,8.7,0
560,1,4,0,4,25,1,0,0,6.4,0
561,2,4,3,0,24,7,2,0,6.4,0
562,0,4,5,2,13,6,0,1,6.9,0
563,1,1,5,4,16,5,0,0,7.8,0
564,3,4,5,2,32,5,0,1,3.5,1
565,1,1,0,5,47,7,0,0,4.3,1
566,1,2,4,0,27,2,3,1,6.4,0
567,0,2,4,4,26,0,0,0,7.9,1
568,0,4,4,5,25,2,0,0,6.0,0
569,3,1,3,3,46,4,3,0,6.2,1
570,2,4,4,5,35,4,0,1,6.2,0
571,1,2,0,0,31,7,0,1,5.3,0
572,1,4,1,3,24,0,3,0,6.9,0
573,0,2,2,3,13,3,3,1,7.6,0
574,3,4,0,4,30,1,0,0,7.9,1
575,2,3,5,0,35,2,1,1,5.3,0
576,1,0,4,5,25,5,0,1,10.0,0
577,2,1,2,4,15,7,0,1,6.4,1
578,3,4,0,0,31,4,0,1,2.9,1
579,2,1,2,4,5,6,1,1,8.6,0
580,0,0,2,1,18,4,1,1,6.1,0
581,1,2,0,2,36,1,1,1,6.4,0
582,3,3,4,5,33,2,0,0,7.6,1
583,0,4,3,0,34,5,0,0,6.4,0
584,0,4,5,1,10,0,2,0,2.5,1
585,0,3,3,1,39,1,3,0,6.2,0
586,2,4,5,2,42,7,2,1,9.4,0
587,2,3,0,1,30,0,0,1,6.7,0
588,0,3,0,3,16,1,0,0,6.4,0
589,0,2,2,1,17,2,0,0,6.8,1
590,1,4,1,1,20,0,0,0,10.0,1
591,0,4,0,4,22,2,0,0,4.9,1
592,3,3,1,3,11,6,1,1,6.4,1
593,2,1,3,1,10,5,2,1,3.4,0
594,3,0,0,2,0,6,0,0,6.4,1
595,1,2,1,4,0,2,0,1,5.8,0
596,0,4,3,1,24,1,0,0,6.4,1
597,2,4,0,4,21,7,2,0,6.1,0
598,0,4,5,3,22,2,4,0,4.8,0
599,1,4,1,4,8,6,0,0,8.9,0
600,0,4,0,2,46,2,0,1,6.4,0
601,3,4,0,1,0,7,0,1,2.5,1
602,1,2,1,1,23,7,1,1,7.6,1
603,0,1,4,0,32,1,0,1,5.4,1
604,3,4,2,1,42,1,3,1,8.5,1
605,0,4,4,3,7,3,3,0,6.4,0
606,0,4,2,1,17,1,2,0,4.3,0
607,1,3,2,4,21,2,4,1,6.0,0
608,0,0,4,1,22,2,1,1,7.5,0
609,1,0,5,1,39,7,0,0,6.3,0
610,1,1,1,0,29,2,3,0,6.4,1
611,3,1,1,1,24,4,3,1,5.2,1
612,0,3,5,3,3,4,2,1,6.7,0
613,1,4,0,5,17,4,3,0,6.2,0
614,2,1,3,5,12,2,1,0,6.4,0
615,3,1,4,5,5,2,0,0,9.3,1
616,2,4,5,2,33,2,4,0,7.4,0
617,3,4,1,1,44,2,0,0,3.9,1
618,0,4,4,0,34,2,1,1,5.0,0
619,2,3,1,1,16,6,0,0,7.1,0
620,2,4,0,4,18,7,4,1,8.3,0
621,2,0,2,4,0,7,1,0,9.4,0
622,0,0,5,0,34,6,0,0,9.0,0
623,1,2,1,3,14,1,0,0,4.1,0
624,2,4,0,2,15,0,2,1,8.2,1
625,3,4,0,1,39,3,1,1,5.3,1
626,0,4,1,0,0,0,4,0,4.7,0
627,0,4,0,2,42,4,0,0,6.4,0
628,0,3,5,5,19,7,1,0,7.1,0
629,3,0,5,5,25,2,0,0,5.5,1
630,1,2,2,1,27,2,0,0,6.5,0
631,0,4,1,2,18,0,0,0,6.4,0
632,3,4,5,4,16,2,0,0,10.0,1
633,2,2,5,2,15,6,2,0,8.0,0
634,1,3,1,4,36,2,1,1,7.3,0
635,3,1,2,3,26,1,0,1,3.0,1
636,3,1,5,4,3,2,1,1,6.8,1
637,1,0,5,1,51,4,1,0,7.9,0
638,2,4,1,4,0,7,1,0,5.3,0
639,3,2,1,5,11,2,0,1,6.4,1
640,2,4,5,2,0,3,2,1,8.1,0
641,0,2,3,3,23,1,3,0,10.0,0
642,0,4,3,5,0,2,2,1,5.9,0
643,2,4,3,3,47,6,2,0,3.8,0
644,3,4,4,3,13,0,2,1,6.3,1
645,2,0,2,2,0,6,0,1,7.1,0
646,2,4,5,0,35,5,0,1,6.7,0
647,1,4,4,2,14,5,0,0,7.1,0
648,2,4,1,3,28,4,2,0,5.7,0
649,0,4,1,1,19,2,2,0,9.0,0
650,1,4,2,4,0,7,2,0,9.3,0
651,3,4,2,4,10,6,0,0,5.2,1
652,3,4,4,2,0,2,0,1,10.0,1
653,3,2,0,0,23,7,0,1,6.4,1
654,1,0,0,5,27,1,0,0,7.9,0
655,2,4,0,4,21,3,4,1,6.1,0
656,1,4,5,2,17,4,3,0,9.0,0
657,0,4,5,4,0,1,0,1,7.9,0
658,2,4,1,1,19,2,3,0,5.6,0
659,0,2,0,4,33,1,1,1,4.8,0
660,3,0,3,1,6,2,4,0,3.5,1
661,1,4,1,1,32,4,0,0,8.6,0
662,3,2,3,2,30,7,3,0,6.4,1
663,3,1,5,4,26,4,1,1,6.4,1
664,1,4,0,4,36,0,0,0,8.1,0
665,0,4,0,5,34,2,3,0,6.4,1
666,2,1,5,4,17,7,3,1,4.9,0
667,3,4,3,1,17,5,2,0,4.8,1
668,0,4,3,5,0,2,0,1,7.0,0
669,2,4,4,4,8,2,0,0,8.0,0
670,0,4,3,4,0,2,3,1,4.8,1
671,3,4,2,0,6,5,0,0,8.3,1
672,3,4,5,3,16,1,1,1,2.1,1
673,1,3,3,2,2,3,1,0,6.6,0
674,3,4,4,1,39,7,1,1,3.6,1
675,0,4,2,1,22,2,0,1,10.0,0
676,3,1,1,3,22,6,0,1,5.4,1
677,0,4,0,0,6,2,1,0,7.5,1
678,1,4,4,2,34,2,1,0,6.4,0
679,0,3,3,2,12,4,2,0,6.4,1
680,3,1,5,2,10,2,1,1,5.6,1
681,3,4,3,1,22,7,3,0,4.7,1
682,3,4,4,3,20,7,0,0,6.5,1
683,0,0,0,1,22,2,1,1,8.3,0
684,1,4,2,0,10,4,0,0,5.8,0
685,0,4,2,0,8,7,1,0,5.5,0
686,3,2,4,2,23,5,0,0,6.9,1
687,3,1,3,2,18,2,0,0,7.4,1
688,3,1,1,0,23,4,0,1,5.2,1
689,3,3,0,3,18,7,2,0,9.6,1
690,2,4,3,5,33,3,1,1,9.2,0
691,1,4,1,4,22,2,1,0,5.1,0
692,2,4,5,4,28,2,0,0,6.4,0
693,3,2,5,2,13,2,3,0,6.5,1
694,3,2,5,3,0,2,0,0,1.4,1
695,3,4,2,1,2,4,0,1,5.4,1
696,0,4,1,0,13,1,0,0,9.7,0
697,3,1,1,1,24,2,3,1,7.9,1
698,1,3,3,2,34,2,1,1,6.3,0
699,0,4,3,1,4,4,3,1,6.4,0
700,3,4,2,5,25,2,0,0,4.5,1
701,3,4,5,5,35,4,2,0,3.9,1
702,2,2,5,3,7,2,3,1,6.4,0
703,3,2,5,1,28,1,4,1,5.3,1
704,3,4,0,3,20,2,0,1,4.3,1
705,0,0,3,2,12,2,3,0,6.0,0
706,3,4,4,1,0,6,0,0,6.1,1
707,2,4,0,2,30,4,3,0,6.5,1
708,3,3,0,4,20,2,0,0,7.7,1
709,0,4,3,0,35,4,0,1,6.4,0
710,2,4,5,5,26,0,1,1,6.5,0
711,3,1,2,5,28,7,1,0,5.7,1
712,3,1,5,1,21,7,1,0,9.9,1
713,2,4,5,2,0,0,0,0,6.4,0
714,3,4,5,5,22,6,0,0,7.0,1
715,3,1,3,1,40,5,2,1,3.0,1
716,0,0,4,5,18,5,3,1,2.9,0
717,1,4,5,2,43,1,0,0,6.5,0
718,1,4,2,1,2,4,1,0,5.1,1
719,2,1,5,2,15,1,0,1,9.3,0
720,1,1,4,1,4,2,0,1,7.0,0
721,2,1,0,3,35,3,0,1,10.0,0
722,2,3,0,2,8,1,0,0,3.7,0
723,0,0,1,5,26,2,0,0,8.7,0
724,3,1,3,2,15,1,2,1,6.8,1
725,3,4,0,0,49,6,2,0,3.0,1
726,2,4,2,0,48,2,0,0,6.5,0
727,0,4,4,2,14,7,1,0,6.1,0
728,1,0,3,3,0,2,0,0,9.9,0
729,2,4,5,5,16,2,0,0,5.6,0
730,2,0,3,1,0,0,2,0,7.5,0
731,1,2,1,4,0,0,0,0,6.4,0
732,1,2,1,1,25,5,1,0,6.5,1
733,1,3,2,2,26,2,0,0,10.0,0
734,3,4,2,0,30,2,4,1,3.7,1
735,2,4,0,0,26,2,0,1,9.8,0
736,1,4,5,0,15,7,4,0,6.5,0
737,1,4,4,0,28,3,4,0,8.4,0
738,2,1,0,2,13,4,1,0,7.1,0
739,0,4,4,1,19,0,2,0,10.0,0
740,0,1,0,0,14,4,1,1,5.1,0
741,1,4,3,5,17,5,0,0,6.4,0
742,1,4,4,3,39,4,2,0,5.2,0
743,3,4,1,1,34,6,1,0,5.0,1
744,2,2,3,4,0,2,1,0,8.5,0
745,0,4,2,1,30,3,0,0,6.5,0
746,1,4,1,0,14,7,2,1,8.0,1
747,3,4,5,2,28,2,0,0,10.0,1
748,1,4,2,0,42,6,1,0,6.7,0
749,3,2,3,5,1,6,4,0,6.4,1
750,0,4,2,1,18,7,0,1,9.8,0
751,3,3,4,5,19,1,0,1,6.4,1
752,2,4,4,4,32,0,3,0,5.6,0
753,0,4,5,0,22,0,1,0,7.5,0
754,3,3,4,4,37,2,0,0,4.1,1
755,0,1,0,5,36,6,3,0,2.6,1
756,2,1,2,0,12,2,3,1,6.3,0
757,2,0,3,0,13,1,0,0,5.0,1
758,3,0,4,0,4,6,0,0,4.1,1
759,2,2,2,5,3,3,4,1,8.0,0
760,3,4,2,0,0,4,2,0,5.0,1
761,0,4,3,4,6,6,0,1,6.4,0
762,2,1,1,5,30,5,3,1,5.9,0
763,3,0,3,3,39,0,1,0,10.0,1
764,1,3,3,0,21,1,0,0,6.4,0
765,1,4,3,5,27,1,2,0,7.4,0
766,2,4,1,5,29,6,0,0,3.2,0
767,3,0,0,5,6,2,1,1,5.7,1
768,3,1,1,2,47,2,0,0,10.0,1
769,3,0,0,0,17,2,1,0,6.4,1
770,2,0,0,0,15,3,1,0,10.0,0
771,1,0,1,1,26,3,3,0,8.0,0
772,1,4,1,4,31,2,1,1,5.1,0
773,1,2,2,1,4,4,0,1,7.5,0
774,0,1,0,4,26,2,3,0,10.0,0
775,1,0,0,5,29,2,0,0,4.1,0
776,0,4,5,2,29,2,1,0,6.4,0
777,3,4,3,1,18,2,2,1,3.2,1
778,3,4,3,1,32,2,4,0,7.8,1
779,2,4,1,2,20,2,1,0,6.5,0
780,2,4,4,1,29,2,2,0,6.4,0
781,3,4,1,1,12,2,0,0,1.8,1
782,3,1,1,1,13,2,1,1,6.4,1
783,0,4,3,2,14,1,1,0,6.4,0
784,0,1,1,0,29,3,3,1,3.5,1
785,2,1,0,4,23,7,0,0,6.4,0
786,2,4,3,0,0,3,3,1,7.4,0
787,0,4,1,4,1,0,3,1,3.2,0
788,1,1,2,1,11,7,0,0,9.9,0
789,1,1,5,5,0,1,0,0,4.0,0
790,0,1,5,4,17,7,0,0,5.3,0
791,2,4,1,5,27,3,0,1,9.0,1
792,0,2,1,1,14,4,0,1,3.6,0
793,2,4,2,5,23,2,2,0,4.4,0
794,2,0,0,3,24,2,4,0,6.4,1
795,2,4,4,5,9,2,3,0,6.0,0
796,3,4,2,1,32,4,1,0,8.8,1
797,1,2,3,1,6,1,0,0,3.2,0
798,3,4,4,4,18,1,1,0,3.3,1
799,1,1,2,3,5,2,2,0,7.0,0
800,1,4,3,1,9,2,0,1,6.4,0
801,3,4,5,0,16,7,0,0,10.0,1
802,2,4,0,1,1,2,0,1,6.4,0
803,3,4,1,1,3,3,0,1,8.3,1
804,1,1,4,3,4,6,1,0,4.5,0
805,2,4,4,0,23,2,4,0,7.7,0
806,2,2,5,3,25,1,3,0,3.6,0
807,3,3,5,3,36,2,0,0,6.4,1
808,1,4,0,5,0,7,0,0,7.6,0
809,0,1,1,3,19,0,0,0,9.0,0
810,3,4,2,0,27,2,0,0,4.3,1
811,0,4,0,4,17,7,3,1,7.0,0
812,3,4,5,1,18,2,0,1,8.3,1
813,2,4,5,2,0,2,0,1,10.0,0
814,3,1,4,4,1,1,0,1,8.0,1
815,1,1,2,4,23,1,0,0,7.1,0
816,1,4,0,5,9,7,0,0,5.0,0
817,3,1,0,4,8,2,0,1,6.4,1
818,0,1,1,2,29,2,1,0,6.4,0
819,2,2,4,0,23,4,3,1,7.6,1
820,0,4,4,2,21,3,0,0,8.1,1
821,3,2,5,0,2,2,0,0,8.4,1
822,3,4,1,4,9,4,0,1,6.4,1
823,0,1,2,0,17,2,0,0,8.9,0
824,1,0,0,2,8,5,1,0,6.4,0
825,0,2,2,5,30,3,2,1,6.0,0
826,2,3,1,2,1,3,0,1,8.0,0
827,2,4,3,0,44,6,4,1,6.4,1
828,0,4,2,0,12,4,0,0,8.4,0
829,0,4,1,2,19,3,3,1,6.6,1
830,0,3,0,3,19,1,0,0,6.4,0
831,1,4,3,2,40,5,1,0,3.7,0
832,1,4,0,0,16,2,1,1,5.9,0
833,2,4,0,4,24,2,4,0,7.8,0
834,0,4,5,2,15,2,2,1,5.2,0
835,1,1,2,2,8,2,1,0,10.0,0
836,2,0,1,3,1,0,0,0,3.6,0
837,1,4,3,1,27,1,0,1,7.7,0
838,2,4,5,2,18,7,0,1,7.2,0
839,3,4,0,0,0,7,1,1,6.0,1
840,0,3,3,4,22,7,0,1,10.0,0
841,0,4,2,2,15,0,3,0,8.5,1
842,3,4,0,5,25,4,0,0,7.8,1
843,2,3,5,4,4,2,0,0,7.5,0
844,3,1,0,1,27,2,1,0,6.4,1
845,1,1,0,1,15,0,1,1,8.6,0
846,0,3,2,1,2,2,0,0,6.6,0
847,1,4,2,0,2,2,0,1,6.0,0
848,3,0,0,1,53,3,0,0,7.5,1
849,0,1,1,3,12,2,2,1,8.7,0
850,0,4,4,3,0,3,1,0,2.4,0
851,2,4,0,3,25,3,2,1,4.6,0
852,2,1,1,5,0,6,0,1,6.5,0
853,0,4,4,1,32,2,1,1,4.3,0
854,1,2,5,0,7,2,1,1,7.1,0
855,1,1,5,4,14,3,0,0,4.3,0
856,3,0,2,1,32,4,1,0,6.0,1
857,0,0,3,0,0,2,1,0,5.8,0
858,1,3,0,5,56,2,1,0,6.4,0
859,3,3,5,2,33,5,2,0,7.1,1
860,1,0,0,4,25,1,0,0,7.4,0
861,3,0,1,0,37,2,1,1,8.9,1
862,0,4,0,1,1,1,0,0,6.1,0
863,3,0,1,2,19,1,0,1,9.2,1
864,0,3,1,2,19,1,0,0,6.6,0
865,3,4,1,1,0,3,0,0,5.2,1
866,1,3,3,2,36,2,0,0,5.4,0
867,3,1,2,4,28,2,1,1,5.1,1
868,3,0,4,3,11,1,3,1,6.1,1
869,1,0,1,4,0,5,0,0,8.5,0
870,3,2,5,1,29,0,4,1,4.0,1
871,1,4,0,1,19,7,4,0,7.8,0
872,1,3,3,0,9,7,0,0,6.7,0
873,3,1,2,2,40,4,2,1,8.0,1
874,1,0,0,5,21,3,3,0,9.6,0
875,2,0,2,2,7,7,1,0,9.6,0
876,3,0,1,1,13,7,0,1,5.4,1
877,0,1,2,2,26,2,1,1,6.9,0
878,1,1,5,2,43,2,4,0,8.9,0
879,0,4,1,1,33,1,0,0,4.2,0
880,1,4,0,2,45,7,0,0,6.0,0
881,2,4,0,4,10,2,0,0,6.4,0
882,1,4,0,1,14,2,1,0,3.4,0
883,2,1,4,1,32,2,0,0,4.5,1
884,2,4,4,5,27,3,4,0,8.8,0
885,1,4,4,2,31,6,3,0,4.1,0
886,3,1,0,1,22,3,0,1,7.7,1
887,2,4,2,2,7,2,1,0,7.8,0
888,1,1,0,3,26,2,3,0,3.5,0
889,0,1,0,4,2,7,1,0,6.4,0
890,0,4,1,4,10,7,0,1,7.8,0
891,2,2,4,1,12,2,0,0,4.3,1
892,1,1,5,1,24,4,3,0,3.1,0
893,0,4,0,2,16,4,4,0,8.0,0
894,2,4,5,4,15,2,1,0,8.1,0
895,0,4,5,3,24,3,0,0,7.5,0
896,0,3,2,5,30,2,1,0,6.4,0
897,2,2,1,3,16,2,3,0,6.4,0
898,1,4,3,2,24,1,0,0,6.4,0
899,2,4,0,1,1,3,1,1,7.9,0
900,0,3,0,4,25,7,2,1,8.9,0
901,3,4,1,5,34,2,2,0,7.0,1
902,3,4,0,4,22,4,0,0,6.6,1
903,2,4,3,0,41,2,0,0,6.4,0
904,1,4,4,1,26,1,0,1,6.4,0
905,3,4,0,5,0,4,0,0,7.9,1
906,0,4,5,2,11,3,2,1,6.8,0
907,2,4,5,0,12,2,1,1,4.2,0
908,2,4,5,2,47,1,1,0,6.5,0
909,0,0,2,1,38,2,4,1,4.9,0
910,2,0,5,4,37,2,1,0,10.0,0
911,0,2,2,3,7,6,0,0,10.0,0
912,2,2,1,2,15,7,1,1,6.4,0
913,3,4,2,3,31,3,0,1,7.4,1
914,3,1,2,3,20,7,0,1,6.4,1
915,2,4,4,2,15,1,0,0,7.0,0
916,3,4,4,4,25,7,0,1,6.1,1
917,2,1,0,4,42,6,1,1,5.5,0
918,3,4,0,5,18,1,0,1,5.5,1
919,0,4,0,3,9,2,0,0,4.0,1
920,0,3,2,4,28,2,1,1,4.7,0
921,1,3,4,0,11,6,1,0,7.1,1
922,3,4,3,5,19,6,1,1,7.5,1
923,0,2,5,0,17,5,1,0,6.0,0
924,3,1,2,3,17,2,0,0,3.1,1
925,3,2,4,5,16,4,2,0,5.9,1
926,0,4,0,3,19,4,4,0,7.6,0
927,1,4,1,1,10,7,1,1,6.4,0
928,1,4,1,2,13,3,2,1,5.7,0
929,1,2,3,1,1,1,1,0,5.5,0
930,2,4,4,5,28,4,0,1,5.3,0
931,1,4,2,0,7,7,0,1,6.4,0
932,3,0,5,2,28,2,1,1,2.6,1
933,0,4,0,4,24,2,0,0,6.9,0
934,0,1,1,3,24,2,0,1,4.3,0
935,1,4,0,5,0,2,2,1,6.3,0
936,3,4,3,2,32,6,0,1,5.3,1
937,2,0,5,3,11,2,0,1,10.0,0
938,2,0,5,2,45,6,2,0,8.3,0
939,0,4,1,1,25,7,1,0,7.4,0
940,1,1,3,5,16,5,0,1,8.4,0
941,0,4,1,3,0,0,1,1,6.4,0
942,0,3,4,3,37,6,0,1,6.4,0
943,0,4,0,5,14,2,0,0,2.8,0
944,0,4,1,4,41,2,1,0,5.9,0
945,2,1,2,1,15,3,0,0,10.0,0
946,1,1,5,3,51,2,0,1,6.4,0
947,0,1,5,5,0,5,0,0,9.7,1
948,2,4,2,1,23,7,0,1,4.1,0
949,1,4,0,5,8,2,0,1,5.2,0
950,2,4,5,0,12,1,1,0,8.3,0
951,2,3,4,1,23,6,3,0,9.2,0
952,1,3,3,1,9,1,2,0,6.0,0
953,1,1,2,5,22,2,0,0,5.3,0
954,2,4,2,4,4,4,0,1,8.0,0
955,1,1,3,0,15,1,0,1,4.7,0
956,3,4,5,2,27,6,0,0,9.2,1
957,0,4,2,1,26,1,3,0,1.9,0
958,0,4,0,1,19,2,4,0,4.5,0
959,2,3,3,2,10,0,1,0,7.1,0
960,1,4,0,2,0,2,0,0,1.8,0
961,3,0,2,5,26,2,3,0,0.5,1
962,3,4,3,5,12,2,0,1,9.6,1
963,1,2,5,2,25,6,4,0,6.8,0
964,3,1,0,3,30,5,0,0,6.4,1
965,3,4,0,1,56,2,1,0,1.9,1
966,2,0,4,0,15,4,0,0,6.4,0
967,3,1,5,1,14,5,0,0,5.2,1
968,3,4,4,4,0,7,3,1,8.2,1
969,1,4,2,5,4,1,3,1,5.5,0
970,2,4,0,0,12,7,0,1,7.3,1
971,0,0,3,3,30,4,1,1,8.0,1
972,3,4,5,0,17,3,3,0,8.0,1
973,0,0,3,4,38,0,0,1,4.9,0
974,0,4,5,3,17,1,3,1,6.4,0
975,2,4,2,2,23,5,0,1,6.2,0
976,0,1,2,5,42,3,0,0,8.7,0
977,2,0,3,1,13,1,1,0,4.5,0
978,0,4,2,0,32,7,0,0,9.7,0
979,0,1,0,5,16,5,1,0,2.9,0
980,0,4,5,2,33,5,1,0,5.5,0
981,3,4,5,4,17,3,0,0,7.2,1
982,1,4,0,2,21,4,1,1,0.0,0
983,1,4,5,2,0,7,0,1,9.2,1
984,1,1,4,3,26,2,4,1,9.8,0
985,1,0,3,0,44,1,0,0,8.6,0
986,2,2,2,4,35,4,0,0,4.1,0
987,1,4,1,1,11,0,0,1,5.3,0
988,0,4,5,2,37,3,1,1,5.9,0
989,1,2,5,5,12,4,1,1,2.5,0
990,1,4,3,1,0,4,0,1,6.3,0
991,1,4,1,0,47,7,1,1,8.5,0
992,3,4,5,3,37,2,0,0,4.6,1
993,1,4,4,5,22,2,3,1,7.1,0
994,0,4,2,3,30,6,2,0,7.1,1
995,1,4,5,3,6,3,4,0,6.2,0
996,3,3,2,5,4,4,0,0,10.0,1
997,0,4,2,2,28,2,3,0,6.4,0
998,3,4,4,5,6,2,2,0,6.7,1
999,3,0,0,4,2,2,0,1,7.2,1
1000,3,4,0,5,0,1,0,1,6.4,1
1001,3,4,4,3,46,1,3,1,7.7,1
1002,0,2,0,1,26,7,3,0,3.1,0
1003,1,4,4,0,13,2,0,1,6.3,0
1004,3,1,3,1,1,4,2,1,3.4,1
1005,2,1,1,0,34,7,0,0,6.4,0
1006,0,4,1,0,13,1,0,0,7.7,0
1007,0,4,1,1,13,1,0,0,6.4,0
1008,0,0,3,1,0,2,4,1,5.6,0
1009,2,4,3,0,26,3,0,0,5.4,0
1010,2,1,5,2,0,6,0,0,5.1,0
1011,3,2,5,3,6,4,0,0,6.6,1
1012,2,1,2,2,15,1,0,1,6.9,1
1013,2,4,2,4,17,5,1,0,7.8,0
1014,2,4,2,3,11,1,2,0,7.0,0
1015,3,4,4,4,0,0,1,0,6.4,1
1016,2,4,4,1,25,2,3,0,9.1,1
1017,2,4,5,4,10,2,0,1,5.9,1
1018,3,4,5,3,44,1,3,0,6.4,1
1019,2,4,1,1,22,4,2,1,3.9,0
1020,3,4,2,2,24,4,2,0,5.8,1
1021,3,1,0,1,12,5,0,0,3.2,1
1022,1,1,2,5,44,3,1,1,6.5,0
1023,3,4,4,1,29,2,0,0,6.4,1
1024,1,4,1,1,22,4,3,0,6.4,0
1025,2,4,0,5,45,3,3,0,8.2,0
1026,2,4,0,5,23,7,2,1,6.4,0
1027,3,4,2,5,21,2,3,0,2.2,1
1028,2,3,5,2,17,4,0,0,7.2,0
1029,1,4,4,0,37,4,3,1,2.2,1
1030,0,4,5,4,0,3,4,1,6.4,0
1031,0,4,4,4,25,3,3,1,4.6,0
1032,2,0,1,1,34,2,3,0,7.8,0
1033,3,4,3,2,28,0,4,0,6.4,1
1034,0,4,1,5,43,7,0,0,8.9,0
1035,1,0,4,4,25,2,0,0,3.7,0
1036,2,4,3,3,26,2,0,1,2.4,0
1037,1,0,1,3,16,1,3,0,5.8,0
1038,3,3,5,1,25,2,2,0,6.4,1
1039,1,2,3,4,9,4,0,1,8.8,0
1040,3,2,3,0,13,2,2,1,5.2,1
1041,1,1,0,5,14,6,2,0,6.2,0
1042,3,1,5,3,0,0,0,1,9.4,1
1043,2,4,0,3,14,2,0,1,6.3,0
1044,2,4,3,0,0,6,0,1,9.8,0
1045,1,4,3,2,26,6,0,0,8.6,0
1046,0,4,0,2,26,7,3,0,5.9,0
1047,0,4,0,1,0,2,3,1,6.3,0
1048,0,4,0,2,26,2,1,0,7.5,0
1049,3,4,2,5,10,5,3,1,6.4,1
1050,0,4,0,4,31,6,0,1,6.4,0
1051,1,4,5,4,14,5,1,0,4.2,0
1052,1,4,3,0,2,2,0,0,6.4,0
1053,1,4,2,2,24,5,1,0,5.2,0
1054,1,4,4,1,13,2,0,0,6.4,0
1055,2,4,5,0,0,3,0,1,5.6,0
1056,0,4,3,3,18,2,0,0,5.6,0
1057,1,4,5,4,28,2,3,1,3.6,0
1058,2,4,5,4,5,6,0,0,4.8,0
1059,0,4,3,5,12,1,0,1,8.6,0
1060,1,3,4,0,33,2,1,0,7.6,0
1061,2,4,3,4,15,2,0,0,4.8,0
1062,1,1,1,5,3,3,0,1,8.5,0
1063,0,3,0,1,45,2,0,0,5.6,0
1064,1,4,1,0,51,2,3,0,5.1,0
1065,2,4,2,2,0,7,0,1,8.1,0
1066,2,2,2,4,14,1,1,0,7.5,0
1067,3,4,0,0,25,6,3,0,7.0,1
1068,3,3,2,3,6,2,0,1,6.4,1
1069,0,0,1,1,31,7,0,1,6.4,0
1070,3,1,0,1,36,2,0,0,3.9,1
1071,1,4,0,5,41,4,4,0,8.1,0
1072,3,4,5,2,0,1,4,1,5.3,1
1073,3,4,3,3,30,0,0,1,4.2,1
1074,0,3,1,0,39,4,2,1,8.0,0
1075,3,4,5,0,6,2,0,1,4.6,1
1076,2,4,3,5,30,0,4,0,6.4,0
1077,3,0,5,0,0,2,1,0,4.1,1
1078,1,4,3,0,2,4,0,1,6.4,0
1079,2,2,4,1,2,4,4,1,6.9,0
1080,0,2,3,1,20,1,0,0,6.4,0
1081,2,4,4,0,34,2,1,0,6.1,0
1082,0,3,5,3,26,4,0,1,4.9,0
1083,1,1,2,1,0,7,1,0,7.8,0
1084,2,3,4,5,28,3,0,0,6.4,1
1085,3,4,1,3,22,7,0,0,4.6,1
1086,1,4,4,4,36,0,1,0,9.7,0
1087,3,4,4,1,20,0,0,0,4.5,1
1088,1,4,0,4,29,3,1,0,10.0,0
1089,2,2,0,1,14,2,4,0,7.0,0
1090,0,4,3,1,16,2,1,1,4.6,0
1091,3,2,4,3,30,6,3,0,4.5,1
1092,3,4,3,4,36,7,0,0,6.8,1
1093,3,1,2,4,27,7,0,0,4.6,1
1094,3,4,1,0,0,0,0,0,8.4,1
1095,2,4,4,4,41,7,1,0,5.8,0
1096,0,3,2,4,11,1,2,0,5.9,0
1097,3,4,4,4,0,5,1,0,9.3,1
1098,3,4,5,2,3,2,0,1,6.4,1
1099,2,2,3,1,6,2,0,0,4.0,0
1100,3,4,3,5,24,5,4,1,6.4,1
1101,3,4,3,0,5,1,0,1,6.4,1
1102,1,0,0,3,27,4,0,0,7.3,0
1103,2,4,5,3,19,4,2,0,3.9,0
1104,0,4,2,4,49,3,2,1,4.3,0
1105,2,4,3,0,25,6,1,0,6.4,0
1106,1,4,5,0,35,6,0,0,10.0,0
1107,0,4,1,5,7,0,0,1,3.1,0
1108,1,4,1,2,35,1,1,1,7.5,0
1109,2,1,2,2,11,7,0,1,6.4,0
1110,0,4,3,2,32,2,1,0,3.1,0
1111,2,1,3,0,28,2,1,0,9.6,0
1112,1,0,0,0,0,4,3,0,6.2,0
1113,1,0,4,0,45,1,4,1,8.1,0
1114,0,4,5,2,5,7,0,0,9.2,0
1115,2,4,2,0,42,1,0,1,5.9,0
1116,3,3,4,0,29,0,1,0,6.2,1
1117,2,0,3,3,15,6,1,0,7.4,0
1118,2,2,5,1,11,0,1,0,6.1,0
1119,3,4,2,3,0,4,2,0,7.5,1
1120,3,4,0,3,3,2,4,0,2.8,1
1121,1,4,4,5,1,2,0,1,4.9,0
1122,1,0,1,1,12,7,0,1,6.9,0
1123,1,4,3,5,21,2,1,0,6.3,1
1124,3,1,5,0,40,2,0,1,10.0,1
1125,3,2,3,3,5,1,0,0,5.9,1
1126,2,4,1,0,27,2,1,0,6.4,0
1127,0,4,3,3,36,1,0,0,7.0,1
1128,3,0,2,1,35,4,1,0,5.3,1
1129,3,1,5,1,21,2,0,0,8.4,1
1130,1,4,5,2,0,2,3,0,6.4,0
1131,2,4,1,3,18,6,0,1,10.0,0
1132,3,2,3,0,27,4,0,1,9.8,1
1133,0,4,3,5,14,3,3,1,7.6,0
1134,0,4,4,0,22,0,3,0,6.3,0
1135,1,4,5,3,0,2,0,0,8.0,1
1136,2,4,1,1,16,3,1,1,10.0,0
1137,1,4,5,4,14,7,1,0,10.0,0
1138,0,4,2,1,12,4,1,1,6.2,0
1139,0,4,3,4,22,7,1,1,6.4,1
1140,1,4,2,0,11,1,2,1,6.3,0
1141,3,4,1,3,25,1,3,0,2.6,1
1142,3,4,3,3,23,4,4,0,9.5,1
1143,0,4,1,4,35,3,2,1,7.5,0
1144,3,1,2,0,27,2,0,1,6.3,1
1145,0,4,4,5,32,2,3,0,7.8,1
1146,2,1,4,5,1,2,1,0,7.1,0
1147,2,2,0,4,11,2,2,0,6.8,0
1148,1,4,5,1,29,2,0,1,4.0,0
1149,0,4,0,5,8,3,2,0,5.6,0
1150,3,0,0,1,13,5,0,1,3.7,1
1151,2,1,0,4,12,2,0,1,0.1,0
1152,1,4,5,1,35,2,0,1,5.7,1
1153,2,4,1,3,3,1,1,1,10.0,0
1154,0,3,2,2,22,6,1,1,8.8,0
1155,0,4,2,5,1,7,2,0,5.6,0
1156,0,4,0,4,13,3,0,1,6.0,0
1157,2,2,4,2,18,4,2,1,6.6,0
1158,2,2,4,3,9,2,3,0,3.7,0
1159,3,4,3,0,0,2,1,1,9.0,1
1160,1,4,5,5,15,5,0,1,0.8,0
1161,0,4,3,0,19,2,3,0,4.3,0
1162,0,4,5,5,41,2,0,0,8.0,0
1163,0,3,5,4,0,5,0,1,5.8,0
1164,2,3,2,3,26,2,1,0,5.3,0
1165,3,4,0,3,47,7,0,1,8.3,1
1166,2,4,2,3,17,7,1,1,5.7,0
1167,3,4,5,2,11,1,0,0,6.4,1
1168,0,4,4,5,12,2,2,0,3.5,0
1169,0,4,3,3,19,7,1,0,7.6,0
1170,3,4,2,3,37,2,3,1,4.6,1
1171,0,4,4,5,0,7,0,1,7.5,0
1172,0,0,5,1,8,5,0,0,7.4,0
1173,0,4,5,1,0,4,3,0,7.6,1
1174,2,0,5,4,6,7,0,0,10.0,0
1175,1,4,5,2,3,2,0,1,6.1,0
1176,1,2,5,0,0,4,0,1,6.4,0
1177,0,4,5,5,46,2,1,0,6.4,0
1178,3,1,3,1,49,2,0,0,10.0,1
1179,0,4,2,2,8,4,3,1,6.4,0
1180,1,0,3,0,24,1,0,0,9.7,0
1181,2,4,0,1,4,4,0,0,9.5,1
1182,0,4,5,1,29,4,1,0,9.7,0
1183,0,4,3,0,19,2,0,1,5.3,0
1184,2,4,2,2,24,2,0,0,6.4,1
1185,3,1,0,5,19,2,0,1,6.4,1
1186,3,2,5,4,18,0,0,0,6.4,1
1187,3,4,5,3,9,1,3,1,1.7,1
1188,3,4,3,1,33,3,1,1,6.6,1
1189,3,4,0,0,35,3,0,0,7.0,1
1190,0,2,4,4,15,2,1,0,9.4,0
1191,2,4,2,1,22,7,3,0,3.7,0
1192,0,4,3,5,8,7,0,0,5.1,0
1193,3,4,5,3,5,1,2,0,10.0,1
1194,1,4,1,4,46,1,2,0,3.8,0
1195,1,4,0,1,1,6,1,0,5.0,0
1196,3,4,3,3,37,7,0,0,5.6,1
1197,1,1,3,4,28,3,2,0,10.0,0
1198,1,4,4,1,37,2,2,0,9.0,0
1199,1,3,3,2,34,0,0,0,7.2,0
1200,2,2,0,2,8,7,0,0,4.9,1
1201,0,2,3,2,20,2,4,0,8.2,0
1202,1,2,1,5,9,5,0,0,6.4,0
1203,3,0,1,2,14,7,0,0,6.6,1
1204,2,4,0,2,17,1,0,0,7.4,0
1205,3,4,4,4,30,2,0,0,4.3,1
1206,2,4,4,2,36,3,0,0,8.5,0
1207,2,0,2,3,24,1,1,1,2.1,0
1208,0,4,0,4,46,4,1,0,4.4,0
1209,1,4,4,0,30,1,2,0,3.1,0
1210,2,3,4,3,28,2,0,1,6.4,0
1211,2,4,3,2,30,2,2,0,6.4,0
1212,3,4,3,4,15,2,2,0,7.3,1
1213,2,2,2,2,26,2,4,1,5.4,0
1214,3,4,0,3,6,2,1,0,6.4,1
1215,2,4,3,0,4,2,3,1,6.4,0
1216,2,4,3,4,30,1,0,1,5.6,1
1217,0,4,0,3,27,1,3,0,7.5,0
1218,0,4,5,4,22,4,0,1,7.3,0
1219,3,1,1,3,0,1,3,0,6.9,1
1220,2,4,4,1,14,2,4,1,4.9,0
1221,0,4,3,5,24,7,0,1,9.1,0
1222,2,4,5,3,30,3,2,1,7.8,0
1223,0,4,4,0,24,4,4,0,8.8,0
1224,3,4,3,0,3,2,1,0,8.3,1
1225,3,0,5,5,21,3,0,1,6.7,1
1226,3,4,5,5,36,3,3,0,6.3,1
1227,3,4,2,5,14,7,1,0,6.9,1
1228,0,3,5,3,28,1,0,1,4.6,1
1229,3,4,5,3,23,2,2,1,9.3,1
1230,0,1,3,1,27,1,0,0,8.3,0
1231,3,4,1,2,34,1,1,0,8.4,1
1232,1,4,5,3,11,0,3,1,7.2,0
1233,1,4,0,0,16,1,0,0,8.8,0
1234,0,3,3,5,7,1,1,1,6.4,0
1235,2,1,1,4,24,5,0,0,5.3,1
1236,2,4,0,0,25,1,2,0,6.6,0
1237,2,1,5,4,1,2,1,0,7.1,0
1238,3,4,4,0,34,2,0,0,6.2,1
1239,0,2,3,5,52,0,2,1,6.4,0
1240,0,0,2,4,33,2,0,1,10.0,0
1241,3,4,4,3,0,2,4,0,5.1,1
1242,1,4,5,1,26,2,0,0,8.9,0
1243,3,0,1,3,0,6,3,1,8.4,1
1244,0,4,4,0,0,2,0,0,6.4,0
1245,3,4,5,0,18,5,4,0,6.4,1
1246,1,1,2,2,14,1,0,0,3.5,1
1247,3,4,2,3,27,6,3,0,7.2,1
1248,2,1,2,2,6,7,1,0,6.1,0
1249,3,4,0,3,22,6,0,0,9.6,1
1250,3,4,4,4,11,2,0,1,7.2,1
1251,2,4,3,0,13,3,1,1,5.0,1
1252,2,3,5,0,21,2,2,1,10.0,0
1253,1,4,4,2,19,5,3,0,6.4,0
1254,3,0,2,3,8,5,1,0,6.4,1
1255,2,4,0,5,20,1,0,0,4.4,0
1256,2,4,0,3,29,2,3,0,5.3,0
1257,1,4,0,1,13,2,2,1,4.8,0
1258,2,0,3,0,0,2,3,0,7.5,0
1259,0,4,4,5,2,7,4,1,1.9,0
1260,0,1,4,4,17,7,0,0,6.4,1
1261,1,0,1,4,3,6,1,0,7.5,0
1262,2,0,3,3,24,5,0,1,6.4,0
1263,0,4,3,3,38,2,3,0,7.8,0
1264,0,4,1,2,23,2,0,0,6.0,0
1265,0,0,4,1,15,4,4,1,6.1,0
1266,2,3,1,1,6,4,0,1,4.3,0
1267,2,4,2,3,0,3,0,0,3.8,0
1268,2,3,4,3,7,6,2,0,7.6,0
1269,0,2,1,2,0,4,0,0,7.9,0
1270,3,4,0,4,6,2,3,0,7.4,1
1271,1,4,4,1,21,2,1,0,3.7,0
1272,0,4,1,1,14,7,4,1,6.2,0
1273,3,4,1,5,3,4,2,0,5.6,1
1274,1,4,1,2,19,2,2,0,6.4,0
1275,1,2,3,4,36,1,2,0,3.9,0
1276,0,2,1,4,36,2,0,0,7.6,0
1277,0,4,5,0,12,2,3,0,8.8,0
1278,0,4,3,3,6,0,0,1,5.6,0
1279,1,4,0,5,25,2,0,1,4.4,0
1280,0,2,2,3,11,1,3,0,4.9,0
1281,2,4,3,2,0,2,2,1,10.0,0
1282,0,1,5,3,35,1,0,0,5.5,0
1283,2,4,2,4,0,5,0,0,5.3,0
1284,2,4,0,4,38,4,2,0,4.1,0
1285,1,4,0,5,17,2,1,1,3.4,0
1286,0,4,5,3,9,2,2,1,6.4,0
1287,3,3,3,0,8,7,2,0,6.5,1
1288,3,4,3,0,14,7,1,0,4.9,1
1289,1,3,4,4,43,6,0,1,6.8,0
1290,0,4,3,2,0,1,3,1,6.8,0
1291,0,3,2,0,0,2,0,0,4.9,0
1292,2,1,3,2,33,3,0,0,7.0,0
1293,1,4,4,2,17,1,0,0,7.2,0
1294,3,4,0,5,0,5,0,0,4.5,1
1295,0,4,1,4,27,3,0,0,6.4,0
1296,3,4,2,3,22,7,4,0,8.4,1
1297,0,4,1,0,28,1,3,0,4.7,0
1298,2,4,2,2,14,4,0,0,8.7,0
1299,1,1,4,0,29,4,1,1,7.4,0
1300,2,4,3,1,12,1,0,1,6.2,0
1301,2,4,0,4,6,2,3,0,10.0,1
1302,0,0,0,3,38,2,3,1,3.4,1
1303,1,4,4,1,9,7,0,0,3.4,0
1304,2,1,4,0,34,1,4,0,6.4,0
1305,2,4,5,3,18,2,1,0,6.3,0
1306,0,2,3,1,33,2,2,0,6.4,0
1307,3,2,0,3,23,6,0,0,5.7,1
1308,3,4,1,0,16,5,0,1,5.8,1
1309,3,2,4,2,26,2,1,1,3.9,1
1310,0,1,2,2,29,2,0,0,9.9,1
1311,1,4,0,0,30,7,1,0,6.4,0
1312,1,0,0,5,37,2,0,0,6.4,0
1313,3,3,1,5,9,2,0,0,7.3,1
1314,1,4,5,1,11,2,0,0,1.2,0
1315,1,1,2,2,32,4,1,0,7.7,1
1316,1,0,5,5,16,4,1,1,3.7,0
1317,2,4,2,0,8,1,0,1,10.0,0
1318,3,1,1,1,11,3,0,0,6.4,1
1319,1,4,1,1,16,1,0,1,9.0,0
1320,3,2,5,4,9,5,1,0,10.0,1
1321,3,1,2,5,30,4,2,0,5.2,1
1322,2,4,4,4,24,7,0,0,6.4,0
1323,3,0,3,4,38,3,0,1,6.4,1
1324,2,4,1,4,24,1,1,0,6.7,0
1325,3,1,5,4,22,2,0,0,7.6,1
1326,2,0,5,4,27,4,1,0,4.2,0
1327,0,4,0,0,42,0,3,0,10.0,0
1328,0,3,5,5,23,7,2,0,1.9,0
1329,0,4,2,0,12,3,0,1,10.0,0
1330,3,4,4,5,0,4,0,1,5.5,1
1331,0,1,0,2,30,7,1,0,2.0,0
1332,2,4,1,4,0,4,1,0,5.8,0
1333,3,0,0,0,25,2,4,1,4.6,1
1334,3,1,4,2,20,0,1,0,7.5,1
1335,2,4,2,2,28,1,0,1,6.4,0
1336,2,4,1,5,13,1,2,0,7.9,0
1337,3,3,3,0,0,7,3,1,4.3,1
1338,1,4,5,1,18,7,3,1,5.2,0
1339,0,3,1,2,29,2,4,1,5.4,1
1340,2,4,0,5,50,7,4,0,3.4,1
1341,1,3,4,1,30,4,0,0,5.0,0
1342,2,1,4,2,9,2,1,0,5.9,0
1343,0,3,4,5,31,4,0,0,8.4,0
1344,2,1,0,5,3,2,0,1,0.3,0
1345,3,4,3,1,33,2,1,1,7.6,1
1346,2,1,0,0,19,5,0,0,5.0,0
1347,1,2,3,3,30,4,3,1,2.9,0
1348,1,0,1,1,33,5,2,1,5.6,0
1349,0,0,1,2,56,0,0,0,6.3,0
1350,1,4,4,2,9,6,0,1,6.9,0
1351,0,4,5,2,22,2,0,0,4.3,0
1352,1,2,5,4,40,7,1,1,7.5,0
1353,2,4,2,5,16,3,0,0,8.1,0
1354,3,3,2,0,6,4,1,0,7.2,1
1355,1,2,3,1,11,4,1,1,6.9,0
1356,1,4,5,1,3,2,1,1,8.8,0
1357,1,4,0,4,10,2,1,0,3.1,0
1358,1,4,4,0,13,3,0,1,6.7,0
1359,1,4,5,0,0,1,2,0,5.6,0
1360,1,4,0,3,28,2,0,0,5.0,0
1361,2,4,5,0,0,0,0,1,9.4,0
1362,1,4,2,0,32,1,1,0,6.7,0
1363,2,3,1,5,14,4,1,1,4.1,0
1364,3,3,0,3,18,4,0,0,6.4,1
1365,2,4,0,5,5,6,2,0,7.8,0
1366,2,3,0,3,18,1,2,0,6.7,0
1367,0,4,2,3,9,2,4,0,9.5,0
1368,1,4,1,0,19,1,1,1,7.0,0
1369,0,2,4,2,38,2,0,0,6.1,0
1370,0,1,4,5,36,1,3,0,4.8,0
1371,0,4,0,1,0,3,1,0,10.0,0
1372,0,0,4,5,16,4,0,1,2.3,0
1373,0,3,5,2,5,3,0,0,5.2,0
1374,2,1,4,3,33,1,3,0,7.0,0
1375,2,0,5,4,4,2,0,0,4.6,0
1376,2,4,3,4,9,5,0,1,6.4,0
1377,2,4,3,3,20,2,4,1,6.4,0
1378,3,4,5,4,18,7,0,0,5.6,1
1379,1,0,5,3,24,4,0,1,6.4,1
1380,0,1,5,1,28,2,0,0,10.0,0
1381,3,1,5,1,24,4,3,0,3.2,1
1382,0,4,3,1,25,1,0,1,6.3,0
1383,1,4,2,4,23,4,0,1,6.4,0
1384,0,4,2,5,21,4,2,1,4.9,0
1385,0,2,2,3,16,1,0,0,7.7,0
1386,0,4,0,2,10,4,0,0,6.7,1
1387,1,4,3,1,26,2,0,0,5.9,0
1388,3,4,5,4,13,1,1,0,8.2,1
1389,0,3,1,4,16,2,0,0,8.7,0
1390,3,4,3,3,0,7,0,1,6.1,1
1391,3,4,0,1,6,2,0,0,6.1,1
1392,1,0,2,1,19,2,2,0,6.4,0
1393,2,0,3,2,15,4,3,1,7.1,0
1394,2,4,5,1,8,2,0,0,5.2,0
1395,0,3,4,2,25,7,0,1,10.0,0
1396,2,1,1,2,14,2,0,0,6.4,0
1397,2,4,3,5,23,7,3,0,9.3,0
1398,2,2,4,0,0,4,0,0,5.4,0
1399,0,4,3,0,0,2,0,1,0.0,0
1400,0,4,3,2,23,2,0,1,4.1,0
1401,0,0,2,4,6,2,0,0,6.7,0
1402,0,4,3,1,26,3,0,0,6.4,0
1403,0,2,3,0,4,4,3,1,5.9,0
1404,2,1,5,3,31,3,2,0,2.4,0
1405,1,1,4,3,27,4,1,0,10.0,0
1406,2,4,2,3,24,2,2,1,2.5,0
1407,2,1,4,0,31,4,0,0,6.5,0
1408,2,4,1,0,0,2,0,1,7.6,0
1409,2,1,3,5,25,1,4,0,7.1,0
1410,3,4,1,3,0,5,1,0,9.5,1
1411,3,4,3,2,27,2,2,0,6.4,1
1412,1,2,3,0,40,7,0,0,5.7,0
1413,0,4,3,1,18,1,1,1,2.4,0
1414,3,4,2,1,11,1,0,1,8.0,1
1415,0,4,5,1,0,2,0,1,6.9,0
1416,1,3,1,1,26,6,0,0,6.4,0
1417,1,4,0,4,22,7,2,0,7.0,1
1418,0,4,1,5,23,3,2,0,6.4,0
1419,2,4,2,0,39,7,1,0,6.3,0
1420,0,4,2,5,33,4,0,1,5.9,1
1421,3,4,4,3,15,2,0,0,6.4,1
1422,3,4,2,0,24,2,3,1,2.1,1
1423,1,4,3,1,33,2,3,0,6.2,0
1424,1,4,5,1,0,4,2,1,4.1,0
1425,1,2,2,0,18,5,1,0,5.2,0
1426,3,2,5,4,19,2,0,0,6.4,1
1427,0,4,5,5,0,0,3,1,9.1,0
1428,3,4,0,4,9,6,1,0,6.9,1
1429,3,4,0,1,22,4,0,0,9.8,1
1430,3,3,2,4,27,4,0,1,5.6,1
1431,3,1,0,2,17,6,0,0,9.2,1
1432,0,2,3,5,5,1,0,0,6.8,0
1433,0,4,0,5,8,1,0,0,5.6,0
1434,3,4,4,4,6,6,0,0,6.4,1
1435,2,3,5,0,0,4,4,0,5.1,0
1436,0,4,1,0,17,1,0,1,5.5,0
1437,2,0,4,1,0,4,3,1,7.6,1
1438,2,1,1,1,14,4,0,1,8.7,0
1439,0,3,4,3,35,1,0,0,6.8,0
1440,2,4,3,2,19,4,1,0,6.3,0
1441,2,1,2,3,4,2,0,1,4.8,0
1442,2,4,0,0,11,1,0,0,8.5,0
1443,2,1,5,4,14,2,0,0,8.0,0
1444,2,4,0,2,30,4,0,1,6.9,0
1445,3,4,3,0,10,2,4,0,2.8,1
1446,2,1,4,0,0,2,0,0,5.8,0
1447,2,4,4,0,22,2,0,0,10.0,0
1448,1,3,4,1,10,2,1,0,6.6,0
1449,3,4,4,0,0,0,0,0,4.4,1
1450,2,4,3,1,0,2,0,0,6.6,0
1451,3,4,2,3,0,3,0,0,7.4,1
1452,3,2,3,1,23,7,1,0,5.8,1
1453,2,4,2,5,29,2,3,0,7.2,0
1454,3,0,2,4,23,4,2,0,6.4,1
1455,2,1,1,1,49,6,4,1,5.3,0
1456,0,2,3,0,10,3,4,0,7.0,0
1457,3,4,3,0,12,2,0,1,4.1,1
1458,2,3,5,0,33,2,0,1,7.9,0
1459,0,4,3,2,48,4,0,0,7.1,0
1460,3,2,4,3,22,7,3,0,6.9,1
1461,1,4,1,5,22,1,3,0,5.2,0
1462,1,1,1,0,10,0,0,1,3.3,0
1463,2,2,4,1,28,2,0,0,7.6,0
1464,0,4,4,5,24,6,0,0,5.3,0
1465,0,4,0,4,0,0,3,0,4.5,0
1466,0,4,2,3,35,1,0,1,6.4,0
1467,2,4,2,0,35,0,1,0,4.6,0
1468,2,4,0,0,18,2,1,0,6.4,0
1469,0,0,4,4,14,7,1,0,7.7,0
1470,1,0,4,2,10,0,1,0,6.4,0
1471,1,2,2,3,0,2,2,0,6.9,0
1472,2,1,4,1,23,2,2,0,2.2,0
1473,0,4,5,2,0,0,0,1,9.5,0
1474,0,2,1,0,37,2,0,1,8.6,0
1475,2,4,5,0,4,4,3,0,7.3,0
1476,3,1,3,0,21,5,2,1,5.4,1
1477,3,4,0,2,0,2,0,1,6.4,1
1478,1,4,0,2,12,2,0,1,6.4,0
1479,0,3,3,1,16,3,2,0,5.8,0
1480,0,4,3,5,1,1,0,0,7.0,0
1481,2,1,0,5,29,0,0,0,2.2,0
1482,3,1,5,0,7,2,2,0,6.7,1
1483,3,2,1,1,40,6,0,1,6.4,1
1484,2,2,0,5,36,7,3,0,7.2,0
1485,0,1,0,3,24,2,2,0,6.4,0
1486,1,4,2,0,0,4,3,0,8.0,0
1487,0,2,0,5,45,7,4,1,6.4,0
1488,1,4,1,3,11,1,0,0,6.4,0
1489,2,4,4,4,25,2,0,1,6.7,0
1490,3,1,0,2,24,4,3,0,9.3,1
1491,2,2,0,1,27,4,3,0,8.4,0
1492,3,1,1,0,13,7,2,0,8.2,1
1493,3,0,1,3,34,4,1,0,3.9,1
1494,2,0,2,0,8,2,0,0,7.7,0
1495,0,4,3,2,0,4,1,0,7.4,0
1496,0,4,1,3,32,1,4,0,6.5,0
1497,2,1,5,1,6,4,0,1,5.2,0
1498,3,2,4,1,31,4,1,1,10.0,1
1499,2,3,1,1,35,2,4,0,6.4,0
1500,3,4,3,0,6,7,3,0,6.4,1
1501,1,4,5,3,25,4,3,0,6.0,0
1502,0,3,2,3,29,3,0,0,7.1,0
1503,3,2,1,4,19,4,1,1,3.9,1
1504,0,2,1,2,11,1,0,0,4.4,0
1505,1,4,2,1,7,2,3,0,5.6,0
1506,2,4,5,1,24,5,0,0,6.4,0
1507,3,3,0,5,35,2,0,0,7.6,1
1508,0,4,1,1,36,4,0,0,9.0,0
1509,2,4,5,1,30,7,4,1,6.4,0
1510,1,4,0,1,22,5,2,0,8.6,1
1511,2,1,3,1,7,4,0,1,6.4,0
1512,0,3,0,4,23,4,0,1,5.8,0
1513,3,1,4,2,30,2,0,1,6.4,1
1514,3,4,4,0,0,4,3,1,5.2,1
1515,3,4,3,2,28,2,2,0,6.3,1
1516,1,0,3,3,25,2,4,0,6.0,0
1517,1,4,2,1,31,1,0,1,8.4,0
1518,0,3,4,5,18,6,0,0,6.4,0
1519,2,1,0,5,25,7,1,0,6.4,0
1520,2,3,0,1,5,4,1,1,6.4,0
1521,2,4,0,1,23,0,0,1,8.2,0
1522,1,4,5,0,31,4,1,0,3.8,0
1523,3,0,0,3,20,4,3,0,5.2,1
1524,2,2,1,2,31,4,3,1,5.2,1
1525,2,2,5,4,16,1,0,1,3.9,0
1526,3,4,5,5,12,2,0,0,8.3,1
1527,0,4,3,4,6,0,1,1,6.5,0
1528,3,1,4,2,17,2,0,0,9.1,1
1529,3,4,0,4,32,7,2,0,5.5,1
1530,3,1,3,0,11,2,3,0,6.9,1
1531,0,4,0,5,0,4,3,0,6.5,0
1532,3,1,2,5,16,0,0,0,9.3,1
1533,2,3,1,2,38,6,0,1,6.0,0
1534,1,4,0,4,42,6,0,1,6.4,0
1535,2,1,1,5,16,2,1,0,6.4,1
1536,1,2,3,2,29,2,1,1,4.7,0
1537,0,4,5,3,0,0,1,1,9.7,0
1538,3,4,4,0,20,3,3,1,5.8,1
1539,0,4,2,3,0,7,1,1,6.5,0
1540,0,4,2,1,13,2,0,0,10.0,0
1541,2,4,2,0,30,3,0,0,6.4,0
1542,2,4,5,1,10,3,0,1,4.9,0
1543,1,1,3,5,25,3,2,0,3.1,0
1544,3,1,5,5,25,2,0,0,8.3,1
1545,3,4,1,4,0,6,0,0,7.7,1
1546,1,4,5,0,0,6,2,1,0.3,0
1547,2,0,3,1,21,2,0,1,6.0,0
1548,2,4,5,0,28,2,2,1,10.0,0
1549,0,4,0,2,19,1,3,0,6.4,0
1550,2,4,0,2,16,2,0,1,7.9,0
1551,2,1,5,1,28,7,0,1,8.0,0
1552,1,4,0,1,15,5,1,0,6.4,0
1553,1,1,3,4,8,1,3,0,9.8,0
1554,3,1,1,5,12,2,0,0,6.4,1
1555,2,1,2,0,17,0,0,1,6.4,0
1556,3,4,5,3,8,5,1,1,6.6,1
1557,3,0,3,0,0,2,1,0,7.6,1
1558,3,0,3,0,31,2,1,0,4.4,1
1559,2,4,4,1,35,4,4,1,8.4,0
1560,3,2,0,3,16,7,3,0,5.2,1
1561,0,4,0,1,10,2,0,1,4.2,1
1562,3,4,3,2,8,4,1,0,4.4,1
1563,3,2,4,2,13,2,1,1,6.3,1
1564,3,4,5,5,33,1,4,1,7.7,1
1565,1,4,2,2,17,0,1,0,7.6,0
1566,2,4,5,5,21,4,0,0,5.5,0
1567,2,4,1,5,0,5,0,0,8.0,0
1568,2,1,0,1,28,0,1,1,6.2,0
1569,2,4,4,3,13,4,2,0,8.6,0
1570,2,4,1,2,11,1,3,0,7.8,0
1571,2,4,0,3,24,6,3,0,6.7,0
1572,1,2,1,4,53,1,1,0,9.1,0
1573,3,4,3,2,21,2,2,1,8.7,1
1574,2,4,5,1,20,2,3,1,5.8,0
1575,3,4,3,1,0,7,4,0,7.0,1
1576,3,2,2,1,42,2,0,0,6.5,1
1577,2,4,5,5,19,6,2,0,4.2,0
1578,2,1,2,1,24,4,0,1,8.6,0
1579,0,0,4,3,20,7,3,0,6.4,1
1580,1,4,5,0,27,2,0,0,7.6,1
1581,1,3,2,1,25,2,3,0,10.0,0
1582,2,4,5,1,21,2,0,1,4.1,0
1583,3,0,3,4,21,5,0,0,8.9,1
1584,0,4,2,4,16,4,2,0,6.4,1
1585,3,4,2,5,24,7,0,0,6.4,1
1586,2,4,0,1,10,7,0,0,6.4,0
1587,3,1,0,1,29,4,2,0,8.0,1
1588,0,4,3,2,6,7,3,0,7.0,0
1589,3,1,3,4,16,1,1,1,6.4,1
1590,1,1,0,4,20,0,0,0,4.4,0
1591,1,0,2,3,20,2,0,1,1.4,0
1592,1,4,3,2,19,7,0,1,9.1,0
1593,1,1,2,2,0,2,0,0,7.1,0
1594,1,4,3,1,0,4,2,0,4.3,0
1595,1,1,5,5,15,0,0,0,6.4,0
1596,0,4,3,0,0,3,3,0,6.1,1
1597,1,4,0,3,14,1,1,0,6.2,0
1598,0,4,2,3,17,4,3,0,6.4,0
1599,1,4,2,1,0,5,0,0,2.0,0
1600,2,3,5,4,27,2,0,0,6.4,0
1601,1,4,1,0,10,4,3,1,5.9,0
1602,2,4,2,2,9,2,3,0,7.9,0
1603,0,4,5,0,14,4,0,0,8.2,1
1604,0,4,2,4,29,2,0,0,4.7,1
1605,3,4,1,3,16,2,3,0,9.4,1
1606,3,4,1,3,28,1,0,1,5.9,1
1607,1,4,5,1,17,2,3,0,6.4,0
1608,0,4,1,3,19,2,1,0,7.0,0
1609,0,3,5,1,31,2,0,1,8.5,0
1610,2,3,3,5,32,4,0,1,3.9,1
1611,1,4,2,2,28,5,0,0,2.3,0
1612,3,4,2,1,13,3,0,0,4.8,1
1613,1,4,2,5,10,7,3,1,4.7,0
1614,0,4,5,3,29,2,2,0,6.2,0
1615,3,4,3,0,27,2,4,0,1.7,1
1616,0,4,1,0,12,2,3,0,7.6,0
1617,1,0,1,5,55,1,1,0,7.7,1
1618,3,1,1,0,36,7,1,1,10.0,1
1619,1,1,5,4,33,2,0,0,6.8,0
1620,2,1,5,4,13,4,4,1,4.7,0
1621,1,3,2,1,1,2,2,0,6.3,0
1622,0,2,4,4,22,6,4,1,6.4,0
1623,0,1,4,5,12,5,3,0,10.0,0
1624,2,3,2,4,2,1,0,0,7.0,0
1625,3,4,1,4,5,1,0,0,3.6,1
1626,1,1,5,4,10,0,3,0,8.6,0
1627,1,4,0,4,39,2,0,0,4.6,0
1628,2,4,1,2,28,7,2,0,5.5,0
1629,2,4,4,4,42,0,0,0,7.0,0
1630,0,4,4,4,8,2,0,0,3.8,0
1631,3,4,2,3,18,5,3,1,6.4,1
1632,0,4,3,5,0,7,1,1,4.0,0
1633,2,3,2,2,28,7,0,1,5.6,0
1634,3,4,0,0,5,1,3,0,6.4,1
1635,3,4,0,5,32,2,2,1,6.4,1
1636,0,4,3,1,23,6,4,0,4.7,0
1637,1,4,2,5,38,2,1,0,8.3,0
1638,3,4,4,3,2,7,0,0,7.0,1
1639,0,3,1,3,14,2,1,0,6.4,1
1640,1,0,4,1,43,3,0,1,7.2,0
1641,3,1,3,2,39,7,2,1,7.5,1
1642,3,0,4,0,13,6,0,0,7.0,1
1643,0,4,4,4,17,2,3,0,8.9,0
1644,3,4,0,2,41,0,0,0,9.0,1
1645,3,2,3,5,27,6,0,1,6.5,1
1646,1,4,4,1,33,2,0,0,3.4,1
1647,0,0,1,3,17,6,0,0,6.4,0
1648,3,4,2,2,44,7,1,0,8.8,1
1649,3,1,5,4,1,1,1,1,5.7,1
1650,1,2,0,5,23,0,1,0,9.3,0
1651,1,4,1,4,33,7,0,0,6.4,0
1652,1,4,3,3,17,2,2,0,6.4,0
1653,2,4,4,0,27,1,0,1,5.8,0
1654,2,4,2,5,18,1,3,1,6.4,0
1655,2,1,1,5,16,2,0,0,4.4,0
1656,0,2,5,1,15,7,3,0,9.7,0
1657,3,4,5,2,18,7,1,0,4.3,1
1658,2,3,3,3,0,3,1,0,3.5,0
1659,2,4,3,4,21,3,0,1,7.4,0
1660,1,4,3,5,3,6,0,0,8.5,0
1661,2,0,4,3,17,0,4,1,7.7,0
1662,2,0,3,4,16,7,0,0,6.7,0
1663,0,1,3,0,53,2,1,0,1.9,0
1664,0,3,2,3,18,5,0,1,7.7,0
1665,2,4,3,0,19,1,1,0,8.1,0
1666,2,2,0,5,31,3,1,1,4.6,0
1667,1,2,1,3,13,4,0,1,2.5,0
1668,1,4,5,1,30,3,0,0,6.4,0
1669,0,1,2,2,26,3,4,0,4.9,1
1670,1,4,1,4,42,2,2,0,8.1,0
1671,2,3,2,0,16,0,0,0,6.7,1
1672,1,3,5,0,0,6,1,1,6.4,0
1673,2,4,2,3,25,2,0,0,6.4,0
1674,0,2,1,5,17,2,3,0,3.0,0
1675,0,1,4,4,2,4,0,1,4.2,1
1676,3,4,4,1,38,1,3,0,6.5,1
1677,2,0,3,3,37,7,1,0,8.1,0
1678,1,2,1,3,30,3,1,1,6.4,0
1679,2,3,1,3,10,2,0,0,10.0,0
1680,1,4,1,5,26,0,4,1,6.4,0
1681,0,4,3,0,8,3,0,0,8.3,1
1682,3,0,1,0,0,6,0,0,6.5,1
1683,1,4,0,2,17,2,1,0,6.4,0
1684,2,4,5,0,24,2,3,0,6.4,0
1685,3,1,4,5,4,7,0,0,8.1,1
1686,2,0,5,0,18,2,0,0,6.4,0
1687,2,3,5,4,34,2,0,0,5.8,0
1688,3,4,3,1,30,7,2,0,6.0,1
1689,2,4,1,0,42,5,0,1,6.5,0
1690,2,4,1,5,3,4,0,0,6.4,0
1691,2,4,5,3,0,3,0,0,6.9,0
1692,2,1,4,3,20,3,4,0,8.8,0
1693,1,4,2,1,40,2,0,0,6.4,0
1694,1,4,5,1,21,0,0,0,6.4,1
1695,3,4,5,1,52,2,2,1,6.5,1
1696,0,1,0,4,21,4,1,0,6.4,0
1697,1,4,3,4,10,4,3,0,3.4,0
1698,3,4,2,2,18,1,0,0,5.7,1
1699,0,2,1,0,4,5,2,1,4.8,0
1700,2,0,4,0,34,5,0,0,7.6,0
1701,1,4,1,1,21,4,1,1,7.4,0
1702,2,4,3,3,5,7,0,1,6.4,0
1703,1,1,1,4,21,2,4,1,5.4,0
1704,2,4,1,2,19,5,2,0,3.4,0
1705,1,0,4,4,27,6,0,0,10.0,0
1706,1,1,5,4,0,2,0,0,8.3,1
1707,3,4,0,1,13,7,2,0,5.9,1
1708,3,2,0,1,29,5,4,0,5.0,1
1709,1,1,5,4,19,0,2,0,6.8,0
1710,2,4,4,3,26,4,1,0,6.4,1
1711,3,4,3,2,26,1,0,1,3.0,1
1712,3,4,1,0,26,4,3,1,8.1,1
1713,0,4,3,0,10,2,0,0,5.2,0
1714,3,4,5,1,34,0,0,1,5.6,1
1715,3,2,0,0,21,6,0,1,6.2,1
1716,3,4,0,4,30,2,0,0,7.2,1
1717,2,3,3,0,8,2,1,0,7.6,0
1718,2,0,3,2,7,3,0,0,6.4,0
1719,2,2,1,5,56,2,0,1,6.1,0
1720,1,4,2,5,23,4,2,0,6.4,0
1721,3,4,2,2,20,2,0,0,8.2,1
1722,3,2,0,1,12,6,1,0,6.2,1
1723,0,4,3,2,4,4,0,0,6.4,0
1724,3,4,1,3,14,7,2,0,4.3,1
1725,0,1,2,2,45,4,4,0,3.6,0
1726,3,0,1,5,18,4,0,0,6.4,1
1727,2,1,2,1,13,7,2,0,6.1,0
1728,2,4,0,2,34,4,0,1,2.2,0
1729,2,1,4,5,22,1,3,0,4.5,1
1730,3,4,3,4,11,2,0,1,6.4,1
1731,3,3,3,4,11,1,0,0,2.4,1
1732,2,0,4,5,34,7,0,0,5.8,0
1733,1,4,4,3,32,5,0,0,5.8,1
1734,3,2,5,3,22,7,2,0,6.4,1
1735,3,4,3,5,31,2,0,1,9.1,1
1736,2,4,4,3,5,2,4,0,6.6,0
1737,3,2,3,1,4,5,0,1,6.1,1
1738,2,3,3,5,25,1,3,0,6.4,1
1739,0,3,5,2,12,6,3,1,5.4,1
1740,3,3,1,5,44,7,0,0,6.5,1
1741,2,2,2,1,6,4,0,1,10.0,0
1742,3,1,5,4,13,3,0,0,7.4,1
1743,3,4,4,3,33,2,0,0,10.0,1
1744,1,4,1,2,5,4,4,1,5.9,0
1745,1,0,1,1,48,3,0,1,3.4,0
1746,0,2,5,2,22,2,4,0,8.3,0
1747,0,1,0,2,8,3,0,1,8.2,0
1748,2,4,5,5,33,2,1,0,6.5,1
1749,3,2,2,1,0,2,0,1,8.3,1
1750,2,0,4,1,6,5,0,0,5.3,0
1751,3,3,5,5,0,4,4,1,4.7,1
1752,3,0,2,4,14,2,2,0,4.9,1
1753,2,1,0,2,48,2,1,0,9.3,0
1754,3,4,3,2,23,2,0,0,7.4,1
1755,1,2,3,1,8,1,0,0,8.9,0
1756,3,4,5,3,1,2,0,0,8.1,1
1757,3,4,4,3,56,2,2,0,3.9,1
1758,1,4,1,2,14,1,1,1,8.2,0
1759,2,0,1,2,2,2,3,1,4.8,0
1760,2,4,1,2,11,1,3,0,7.9,1
1761,0,0,0,0,28,6,1,1,10.0,1
1762,1,4,0,3,2,4,2,0,9.5,0
1763,2,4,5,4,32,3,1,1,10.0,0
1764,1,4,2,2,0,2,1,0,4.5,0
1765,1,3,0,4,17,2,0,1,6.7,0
1766,1,4,4,1,29,4,0,0,6.4,0
1767,1,3,2,5,15,2,0,0,8.4,1
1768,2,1,4,4,16,2,1,0,8.9,0
1769,0,1,5,3,8,1,0,0,4.8,0
1770,3,1,1,0,16,1,3,0,6.4,1
1771,1,4,4,0,22,1,2,0,6.4,1
1772,2,4,0,5,0,7,3,0,6.0,0
1773,0,3,3,5,27,2,4,0,7.0,0
1774,2,4,4,2,35,6,0,0,6.4,0
1775,0,2,0,4,19,2,0,0,5.4,0
1776,2,1,5,5,26,2,3,0,2.7,0
1777,3,4,3,5,16,7,1,0,7.1,1
1778,3,4,3,3,9,7,0,0,5.4,1
1779,1,4,0,0,8,0,0,0,5.7,0
1780,2,0,5,3,5,1,3,0,6.4,0
1781,3,1,3,3,12,4,0,0,6.4,1
1782,3,4,3,5,16,2,0,1,1.7,1
1783,0,4,1,4,20,2,0,0,7.9,0
1784,3,4,0,1,22,2,1,0,9.1,1
1785,2,4,5,1,32,1,2,0,2.9,1
1786,0,0,3,5,0,1,3,0,5.9,0
1787,3,4,3,4,21,7,0,1,6.6,1
1788,3,4,0,1,17,5,4,0,3.2,1
1789,1,4,0,1,15,0,0,1,5.4,0
1790,2,4,5,5,2,7,0,0,4.0,0
1791,2,4,5,5,19,2,4,1,7.4,0
1792,1,3,4,4,56,4,3,0,1.6,0
1793,1,1,4,0,12,2,2,1,6.4,1
1794,3,1,4,1,7,4,0,1,10.0,1
1795,2,4,4,5,20,1,0,0,9.5,0
1796,2,4,1,1,1,5,3,0,1.7,1
1797,3,3,0,0,22,7,0,1,6.7,1
1798,3,4,4,2,0,7,4,0,6.4,1
1799,3,4,3,5,30,2,2,1,2.3,1
1800,2,4,2,2,3,3,4,0,5.6,0
1801,0,4,4,1,21,1,4,1,6.4,0
1802,0,4,4,2,0,7,1,0,9.0,0
1803,2,3,4,2,35,4,1,0,6.4,1
1804,3,4,1,3,9,5,0,0,6.4,1
1805,3,1,1,3,29,0,4,0,5.7,1
1806,0,4,4,2,12,0,3,1,3.9,0
1807,3,3,1,2,3,2,0,0,8.5,1
1808,0,4,1,2,17,7,2,0,7.9,0
1809,0,4,3,2,19,7,4,0,4.8,1
1810,0,0,4,5,10,3,0,0,5.1,0
1811,3,4,5,3,15,1,0,0,6.4,1
1812,2,3,0,3,19,2,0,1,9.1,0
1813,2,4,5,2,19,2,0,1,5.2,0
1814,3,4,2,1,8,4,0,0,5.3,1
1815,3,1,5,5,16,2,1,1,3.5,1
1816,2,2,5,5,24,2,0,1,3.4,0
1817,2,4,0,3,21,3,3,0,10.0,1
1818,0,4,5,1,33,3,0,0,9.6,0
1819,3,3,1,2,16,3,1,1,4.2,1
1820,3,4,4,4,19,5,0,0,8.0,1
1821,3,1,1,2,9,1,3,0,2.2,1
1822,2,1,5,4,24,2,3,0,7.0,0
1823,1,1,2,1,21,1,3,0,9.8,0
1824,3,3,4,1,14,5,1,1,5.4,1
1825,2,4,2,4,42,6,0,0,6.1,0
1826,2,4,4,5,13,4,3,0,8.9,0
1827,2,4,4,4,26,3,1,0,6.7,0
1828,2,1,1,5,0,0,4,1,8.1,0
1829,1,1,1,3,25,3,0,1,6.4,0
1830,3,4,4,0,14,2,0,1,8.7,1
1831,3,4,5,4,49,2,0,1,6.4,1
1832,2,1,5,2,18,2,2,0,5.1,0
1833,1,4,1,5,42,4,0,1,8.0,0
1834,1,4,1,0,22,5,3,1,3.5,0
1835,1,4,1,0,31,4,0,0,4.2,1
1836,3,4,4,5,16,2,1,0,6.2,1
1837,0,4,2,4,30,2,0,1,7.9,0
1838,1,4,5,1,36,0,0,1,3.2,0
1839,0,3,3,2,28,0,0,1,3.8,0
1840,2,2,3,2,9,7,1,1,5.0,0
1841,0,1,5,5,11,0,0,0,4.6,0
1842,1,4,4,2,35,2,0,1,6.4,0
1843,0,4,0,5,18,1,2,0,9.3,0
1844,0,4,0,4,38,1,1,1,7.0,0
1845,1,4,0,5,55,7,4,0,4.2,0
1846,3,4,0,4,2,1,1,0,8.6,1
1847,3,4,4,5,43,2,0,0,9.2,1
1848,1,4,5,4,14,7,0,0,6.4,0
1849,1,4,4,3,26,6,0,1,5.4,0
1850,1,1,3,3,6,3,0,0,7.4,0
1851,3,2,1,0,28,2,3,0,6.4,1
1852,1,3,1,4,21,6,1,0,6.4,0
1853,2,4,3,0,30,4,0,1,4.2,0
1854,2,0,3,0,11,1,0,1,8.1,0
1855,1,1,0,4,29,0,0,0,8.9,0
1856,2,4,0,5,23,3,0,0,4.3,1
1857,1,1,4,3,12,2,2,1,5.7,0
1858,2,4,2,0,6,7,2,0,2.2,1
1859,1,4,1,4,22,6,0,0,3.5,0
1860,0,4,2,1,46,3,0,0,8.8,0
1861,2,2,3,2,25,1,0,0,9.1,0
1862,3,0,0,2,10,2,0,1,0.5,1
1863,1,4,3,3,41,7,2,1,5.3,0
1864,1,4,4,3,9,2,0,0,7.3,0
1865,1,1,5,1,0,1,3,0,7.4,0
1866,2,0,5,1,21,1,0,1,7.5,0
1867,1,1,3,2,18,7,3,0,6.0,0
1868,0,3,4,4,25,4,2,0,7.0,0
1869,1,4,0,3,14,3,0,0,8.5,0
1870,3,3,4,4,29,0,4,0,10.0,1
1871,2,2,4,0,21,7,0,0,5.4,0
1872,2,4,0,2,17,2,3,1,5.8,0
1873,0,4,1,3,17,1,0,1,6.4,0
1874,0,4,0,1,6,1,0,1,7.5,0
1875,3,1,0,0,18,1,1,1,7.2,1
1876,2,4,3,1,8,2,1,0,6.4,0
1877,0,3,4,5,32,2,0,0,6.8,0
1878,1,1,5,4,9,7,3,1,8.1,0
1879,3,4,1,1,5,1,1,1,5.8,1
1880,1,1,0,0,31,4,2,0,5.3,0
1881,3,4,2,0,39,7,3,1,8.2,1
1882,3,2,5,5,11,7,1,0,10.0,1
1883,0,4,0,2,33,4,3,1,6.1,0
1884,3,4,3,2,18,0,1,1,6.4,1
1885,2,4,1,5,8,1,3,1,8.7,0
1886,3,2,1,3,39,1,0,0,5.0,1
1887,3,4,3,0,7,4,3,0,6.5,1
1888,3,4,0,1,13,0,0,1,3.3,1
1889,0,4,1,4,30,4,1,0,6.4,0
1890,1,1,4,3,54,1,3,1,6.6,0
1891,0,4,4,1,56,3,0,0,3.6,0
1892,2,4,4,4,22,0,1,0,9.5,0
1893,2,3,4,5,13,4,1,0,6.4,0
1894,0,1,2,4,5,4,0,1,6.6,0
1895,1,4,3,2,0,3,2,1,6.4,1
1896,0,2,2,4,2,4,1,1,6.1,0
1897,2,1,1,0,0,7,1,1,7.2,0
1898,0,4,4,0,43,6,2,0,7.7,0
1899,0,0,5,1,9,2,0,0,6.3,0
1900,2,2,2,2,19,0,2,0,6.0,0
1901,0,0,1,4,11,2,4,0,5.7,0
1902,0,4,0,5,33,2,0,1,7.2,0
1903,1,4,2,3,46,3,2,0,6.7,0
1904,3,4,5,3,31,2,1,1,7.4,1
1905,3,2,0,2,14,2,0,1,7.5,1
1906,1,1,4,0,27,2,1,1,2.3,0
1907,3,0,1,0,44,2,0,1,4.8,1
1908,0,2,4,1,13,4,0,0,3.8,0
1909,1,3,2,3,16,0,0,0,6.4,0
1910,3,3,2,3,17,2,2,1,6.6,1
1911,2,1,0,0,17,7,1,0,5.2,1
1912,0,4,4,3,28,2,2,1,9.6,0
1913,2,4,3,4,21,1,1,1,7.2,1
1914,1,4,3,5,20,2,3,1,3.3,0
1915,3,0,1,0,25,7,2,0,5.7,1
1916,0,4,5,2,19,1,1,1,4.4,0
1917,0,0,4,1,2,2,0,0,9.6,0
1918,0,4,1,3,17,2,0,0,4.2,0
1919,0,2,3,2,15,2,1,0,5.4,0
1920,2,4,2,1,20,2,0,1,7.6,0
1921,1,1,0,4,0,2,0,0,6.7,1
1922,1,3,3,3,28,4,0,0,6.3,0
1923,0,4,2,3,0,1,0,0,10.0,0
1924,2,4,4,3,29,1,0,1,4.7,0
1925,1,4,2,3,1,2,1,0,7.5,0
1926,3,3,1,5,20,1,3,0,8.0,1
1927,2,4,4,4,10,5,1,0,7.5,1
1928,3,4,0,3,18,2,0,1,7.8,1
1929,2,4,5,0,47,3,0,1,2.7,0
1930,1,4,1,3,0,6,2,1,1.0,0
1931,2,3,5,3,21,1,0,1,5.9,0
1932,2,1,2,2,56,4,0,0,5.9,0
1933,3,4,3,1,10,0,1,1,6.4,1
1934,0,2,1,1,14,2,0,0,10.0,0
1935,2,0,1,5,21,5,1,0,1.4,0
1936,3,4,5,0,56,2,0,1,6.0,1
1937,3,4,5,5,40,6,4,0,6.4,1
1938,3,1,3,0,0,7,0,1,8.0,1
1939,0,4,5,5,22,4,4,0,3.8,0
1940,2,4,2,1,20,2,1,0,6.4,0
1941,0,4,2,4,36,2,0,0,5.2,1
1942,0,0,1,1,18,2,3,1,6.6,0
1943,2,4,0,3,39,2,0,1,6.4,0
1944,0,4,1,1,4,3,0,0,8.3,0
1945,1,4,0,1,14,7,0,1,2.3,0
1946,1,1,2,0,2,3,2,0,5.2,0
1947,0,4,5,0,3,2,4,1,3.2,0
1948,1,1,2,3,30,7,2,0,5.3,1
1949,1,3,5,3,6,5,0,1,4.5,0
1950,2,1,2,3,23,0,2,1,5.5,0
1951,0,0,3,0,6,2,0,0,6.4,0
1952,2,2,0,5,0,3,2,1,5.4,0
1953,1,4,1,4,11,2,0,0,9.2,1
1954,3,0,0,3,15,4,3,1,2.6,1
1955,2,2,0,3,11,1,1,0,5.1,0
1956,2,0,3,1,10,2,0,1,5.6,0
1957,2,4,3,5,22,2,1,0,7.3,0
1958,2,4,5,3,37,7,1,0,4.3,0
1959,0,4,1,4,25,1,0,1,4.7,0
1960,0,1,5,5,0,5,0,1,9.6,0
1961,3,4,5,4,0,0,4,1,3.2,1
1962,0,3,4,4,9,4,3,1,4.7,1
1963,3,4,1,5,15,6,4,0,6.0,1
1964,1,4,5,5,0,2,3,1,3.2,0
1965,3,4,2,1,34,3,3,0,3.0,1
1966,0,4,2,4,20,7,3,1,8.9,0
1967,1,4,2,0,0,2,1,1,6.2,0
1968,0,4,3,5,7,2,1,0,6.4,0
1969,3,1,5,4,0,4,1,0,10.0,1
1970,3,2,1,2,27,7,0,1,6.4,1
1971,0,4,0,1,25,4,0,0,6.0,0
1972,1,4,4,2,31,2,0,0,2.4,0
1973,2,4,2,1,4,3,0,0,9.3,0
1974,3,4,2,1,29,0,1,1,6.7,1
1975,3,4,5,5,7,1,3,0,8.0,1
1976,2,0,2,4,36,2,0,0,7.4,1
1977,3,4,0,4,8,2,0,0,6.7,1
1978,1,4,0,0,43,0,0,0,7.5,0
1979,0,4,2,4,0,1,0,0,9.2,0
1980,0,4,4,3,1,1,1,1,8.2,1
1981,0,4,1,5,0,2,2,0,7.6,0
1982,3,2,0,3,11,0,0,1,9.1,1
1983,0,4,5,1,0,4,0,0,6.8,0
1984,1,1,1,5,9,5,0,0,8.3,0
1985,2,2,0,3,32,7,0,0,6.2,1
1986,2,3,1,5,13,7,1,0,10.0,0
1987,2,1,4,3,49,4,0,0,6.6,0
1988,3,0,3,1,39,5,0,0,6.8,1
1989,3,4,1,2,37,1,3,0,7.2,1
1990,1,4,5,3,33,4,3,0,6.5,0
1991,3,1,3,4,0,2,1,1,7.5,1
1992,3,1,3,3,43,0,2,1,7.9,1
1993,0,4,4,3,26,1,1,1,4.3,0
1994,1,0,3,2,47,7,3,0,7.4,0
1995,3,1,3,5,12,6,1,0,4.7,1
1996,2,4,5,2,26,2,3,0,5.6,0
1997,1,4,1,0,24,0,0,0,4.3,0
1998,1,2,2,0,32,3,3,0,6.9,0
1999,2,4,3,4,2,2,0,0,7.5,1
2000,1,4,3,1,4,0,0,0,5.1,0
2001,0,0,0,4,12,3,1,0,6.0,0
2002,2,0,5,4,15,7,0,1,3.0,0
2003,0,2,5,2,8,1,0,1,6.4,0
2004,2,4,3,1,22,6,0,0,8.9,0
2005,3,4,0,0,7,2,0,0,10.0,1
2006,2,4,1,1,17,2,0,0,8.6,0
2007,1,3,3,0,25,4,0,1,10.0,0
2008,0,4,2,3,15,2,0,0,6.8,0
2009,1,4,4,2,0,2,4,0,2.2,1
2010,3,1,3,3,0,6,0,1,5.6,1
2011,0,4,2,4,7,7,2,0,3.4,0
2012,0,4,1,5,32,4,2,1,2.8,1
2013,0,4,1,4,31,1,4,0,8.6,0
2014,1,3,5,5,50,7,0,0,5.7,1
2015,2,3,1,5,14,7,0,1,6.5,0
2016,0,4,3,4,1,1,0,0,4.6,0
2017,2,4,4,2,34,2,1,0,5.7,0
2018,1,4,4,5,24,3,1,1,9.8,0
2019,3,0,1,0,34,3,0,1,10.0,1
2020,0,4,1,0,20,4,2,0,8.1,0
2021,0,2,1,4,53,7,3,0,6.9,0
2022,3,2,5,1,8,5,2,1,8.9,1
2023,2,3,2,4,13,7,2,0,7.8,0
2024,1,3,4,1,22,3,1,0,6.4,0
2025,0,4,2,1,9,4,0,1,3.7,1
2026,0,4,2,3,1,2,0,0,9.4,0
2027,0,4,0,3,24,4,0,0,9.2,0
2028,3,2,4,4,18,7,0,1,5.8,1
2029,1,4,1,5,0,2,2,1,7.1,1
2030,3,4,5,3,30,2,0,1,6.7,1
2031,2,3,2,1,7,0,0,0,6.4,0
2032,0,4,3,4,3,0,0,0,6.4,0
2033,2,4,3,1,9,1,0,1,5.2,0
2034,0,4,1,1,4,1,0,0,7.3,0
2035,3,4,1,5,34,4,0,0,6.4,1
2036,2,0,1,0,27,1,2,1,4.9,0
2037,3,2,2,3,2,2,0,0,7.6,1
2038,2,1,1,3,17,2,4,0,4.2,0
2039,1,4,1,3,8,7,1,0,7.7,0
2040,3,4,5,4,18,2,2,0,6.8,1
2041,1,4,3,5,22,2,0,1,9.9,1
2042,1,1,1,3,36,4,2,0,9.8,0
2043,1,3,3,2,0,2,0,0,7.2,0
2044,3,4,3,2,46,2,0,0,6.4,1
2045,3,0,2,1,3,2,0,1,8.9,1
2046,0,4,2,5,20,4,4,0,8.6,0
2047,2,4,2,4,19,7,4,1,6.5,0
2048,2,3,2,2,28,0,1,0,6.0,0
2049,0,4,1,1,14,1,3,1,3.2,0
2050,2,4,3,4,46,2,3,1,4.6,1
2051,1,4,3,2,7,2,1,1,8.1,0
2052,0,3,3,2,17,2,3,0,4.5,0
2053,1,3,3,0,0,4,3,0,6.8,1
2054,1,4,0,3,2,6,0,0,6.4,0
2055,2,0,4,1,11,7,1,0,9.0,0
2056,1,4,1,3,17,2,1,1,7.5,0
2057,2,4,3,4,21,4,3,0,5.7,0
2058,0,4,3,3,24,2,0,0,5.9,0
2059,2,4,2,4,3,4,0,0,6.4,0
2060,3,0,5,5,33,6,1,0,5.8,1
2061,3,4,2,5,47,2,4,1,6.4,1
2062,1,1,2,4,25,5,1,0,9.1,0
2063,0,4,3,1,37,4,0,1,8.9,1
2064,2,4,1,1,10,2,0,0,8.6,0
2065,0,4,2,4,17,2,1,1,3.4,1
2066,1,2,1,0,15,2,1,0,5.7,0
2067,2,0,0,3,4,2,2,0,10.0,0
2068,2,1,4,3,3,1,0,0,10.0,0
2069,1,4,4,4,21,2,4,0,6.4,0
2070,0,2,2,0,33,7,1,0,6.8,0
2071,1,3,0,0,1,6,4,1,4.5,1
2072,3,4,3,5,20,4,1,0,3.9,1
2073,2,4,1,1,39,5,0,0,9.1,0
2074,2,4,4,3,18,4,0,0,10.0,0
2075,2,4,0,0,15,3,2,1,3.4,0
2076,3,4,1,1,31,1,0,0,6.4,1
2077,2,0,5,3,14,0,0,0,6.1,0
2078,1,2,3,4,16,7,0,0,8.6,0
2079,2,0,1,1,20,3,0,0,4.8,0
2080,2,2,2,1,16,4,0,1,4.4,0
2081,2,4,0,2,33,5,1,0,6.4,0
2082,0,4,5,4,27,2,2,1,7.9,0
2083,1,0,2,1,34,1,1,0,5.2,0
2084,3,2,1,2,56,0,1,0,7.2,1
2085,1,3,0,4,0,4,0,0,9.6,0
2086,1,1,1,3,5,0,4,1,5.8,0
2087,2,4,5,4,30,7,1,1,6.2,0
2088,2,4,5,1,11,5,3,1,6.8,0
2089,0,0,3,2,33,4,4,0,8.6,0
2090,1,4,5,4,14,2,2,1,8.1,0
2091,3,4,3,1,4,4,0,0,5.6,1
2092,2,0,2,3,32,6,4,0,6.1,1
2093,3,4,5,5,20,7,0,1,6.7,1
2094,2,1,1,3,32,7,3,0,8.7,0
2095,0,0,4,3,11,2,0,0,6.4,1
2096,1,0,3,5,40,3,2,1,5.8,0
2097,1,1,4,4,40,5,2,1,7.6,1
2098,1,4,1,5,3,2,2,1,8.0,0
2099,0,2,5,2,4,2,0,1,5.7,0
2100,3,4,1,5,16,6,0,0,3.3,1
2101,0,4,3,4,35,6,1,1,2.2,0
2102,1,4,3,1,8,1,2,1,8.4,1
2103,3,4,4,5,20,2,0,0,6.1,1
2104,0,4,4,5,2,7,0,0,6.4,0
2105,3,4,1,0,30,5,0,0,10.0,1
2106,0,4,0,3,33,2,3,1,6.3,0
2107,0,0,4,1,19,5,2,0,6.4,0
2108,0,4,5,2,13,0,3,0,3.4,0
2109,2,4,4,3,28,1,0,0,9.6,0
2110,2,4,0,4,38,4,4,0,6.4,0
2111,1,4,3,0,15,7,1,0,6.2,0
2112,3,4,0,3,29,0,0,0,6.4,1
2113,1,1,3,3,19,7,3,0,4.5,0
2114,3,4,1,5,17,1,0,0,6.1,1
2115,0,4,0,5,21,3,0,0,6.4,1
2116,1,4,2,3,3,4,3,0,6.4,0
2117,2,3,2,0,5,2,0,0,3.5,0
2118,1,4,2,1,0,3,1,0,6.0,0
2119,0,1,2,1,0,5,0,0,2.1,0
2120,1,4,2,2,32,2,0,1,9.0,0
2121,3,0,1,0,29,2,3,0,9.6,1
2122,2,3,5,1,16,2,2,0,1.4,0
2123,3,4,4,0,14,6,3,0,5.9,1
2124,1,4,2,4,35,2,0,0,9.3,1
2125,3,4,4,4,35,1,1,1,7.3,1
2126,2,4,2,0,32,2,0,1,6.7,0
2127,2,3,3,0,0,2,0,0,5.4,0
2128,3,4,0,5,26,2,0,0,9.3,1
2129,0,4,0,1,0,2,3,1,8.4,1
2130,0,0,1,3,0,2,0,0,6.4,0
2131,2,4,4,5,10,2,2,0,4.5,0
2132,2,4,2,3,21,2,0,0,3.7,0
2133,3,1,4,5,0,2,2,1,7.2,1
2134,1,1,1,3,14,5,2,0,7.6,0
2135,2,2,2,3,38,2,0,0,6.4,0
2136,0,4,0,2,13,2,3,1,6.9,0
2137,2,1,5,5,18,4,1,1,6.4,0
2138,2,4,5,0,25,7,0,0,6.4,0
2139,2,4,4,2,40,2,0,0,6.4,0
2140,3,4,2,1,4,2,3,0,4.7,1
2141,3,4,0,4,21,4,1,1,5.3,1
2142,1,4,5,3,8,3,0,0,9.8,0
2143,3,4,0,1,13,2,0,0,5.1,1
2144,3,2,2,1,0,5,3,1,3.6,1
2145,3,1,0,3,15,6,0,0,3.5,1
2146,2,4,3,3,27,4,1,0,7.7,0
2147,0,2,1,5,18,7,1,0,3.5,0
2148,1,0,2,4,30,2,3,0,4.5,0
2149,0,1,5,5,13,0,0,0,1.5,0
2150,2,2,2,5,16,7,1,1,8.6,0
2151,3,4,3,3,11,2,0,0,3.2,1
2152,3,2,5,3,3,7,3,1,8.7,1
2153,0,4,0,2,21,4,0,0,5.7,0
2154,1,1,1,3,17,2,1,0,6.4,1
2155,2,2,5,0,31,2,0,1,4.6,0
2156,1,0,1,4,27,3,0,1,6.4,0
2157,0,1,1,2,15,2,1,1,6.8,0
2158,1,4,3,3,0,2,0,0,6.4,0
2159,3,4,5,5,7,7,0,0,6.0,1
2160,1,4,2,2,29,3,3,1,2.0,0
2161,3,4,5,2,15,2,0,0,8.0,1
2162,1,4,0,4,16,2,0,0,6.4,0
2163,3,0,4,1,38,3,2,0,6.7,1
2164,3,4,5,1,33,2,0,0,8.0,1
2165,1,0,5,1,25,0,3,1,8.7,0
2166,3,1,2,3,19,7,0,1,5.7,1
2167,3,4,4,1,3,3,1,1,7.5,1
2168,1,4,5,4,34,2,0,1,5.9,0
2169,3,2,5,4,26,4,3,0,3.8,1
2170,0,4,0,1,41,2,4,0,8.4,0
2171,3,3,2,1,15,4,0,1,6.8,1
2172,0,4,3,1,43,2,0,1,6.8,0
2173,2,4,3,4,24,2,0,0,5.7,0
2174,3,1,4,0,14,7,0,0,8.3,1
2175,0,4,1,5,23,2,1,0,6.4,0
2176,3,1,3,1,20,4,0,1,4.7,1
2177,1,4,4,3,26,2,0,1,9.9,0
2178,3,4,3,3,10,4,0,0,8.3,1
2179,1,4,1,4,29,7,4,0,5.4,0
2180,0,1,3,0,23,5,3,0,0.6,0
2181,1,4,2,4,17,4,0,0,6.4,0
2182,1,2,0,5,0,4,2,0,6.4,0
2183,0,1,0,1,28,4,3,0,6.5,0
2184,1,2,5,3,25,2,3,0,4.9,0
2185,1,0,1,2,0,3,4,0,6.3,0
2186,1,4,2,0,29,2,0,0,9.6,0
2187,3,4,1,3,38,2,1,0,6.1,1
2188,1,4,0,4,19,6,1,1,8.1,0
2189,1,1,1,4,17,2,0,1,7.0,0
2190,1,2,4,2,18,2,1,0,3.6,0
2191,2,2,1,0,13,2,3,0,6.8,0
2192,2,0,3,4,11,2,2,1,4.3,0
2193,0,3,0,4,0,2,0,1,5.9,0
2194,1,3,5,2,16,2,0,0,3.1,0
2195,3,0,1,0,21,0,0,0,9.6,1
2196,1,4,4,4,7,2,0,0,7.1,1
2197,0,4,3,3,3,1,1,0,6.4,1
2198,1,1,0,4,0,1,2,0,6.4,0
2199,0,4,1,3,11,1,1,1,2.6,0
2200,1,4,4,3,1,1,0,0,6.6,0
2201,0,0,1,1,25,4,0,0,6.4,0
2202,1,4,3,1,8,0,3,0,6.9,0
2203,1,1,5,2,22,1,0,0,8.0,0
2204,3,4,0,5,2,3,0,1,10.0,1
2205,2,4,5,5,19,4,1,0,8.9,0
2206,1,0,3,3,0,2,0,0,6.0,0
2207,3,4,2,3,22,2,0,0,7.3,1
2208,1,4,3,1,10,4,0,0,6.4,0
2209,2,4,3,4,40,3,0,0,5.2,0
2210,3,3,3,4,0,3,0,0,7.5,1
2211,1,3,0,3,9,2,3,1,4.8,0
2212,3,4,0,0,25,7,3,0,3.6,1
2213,2,4,1,4,19,4,4,0,4.1,0
2214,3,4,3,1,8,6,0,0,5.0,1
2215,3,4,0,2,45,4,3,1,7.7,1
2216,2,2,0,2,35,2,1,0,6.9,0
2217,2,4,3,0,15,7,0,1,4.9,0
2218,1,4,2,2,12,6,1,1,10.0,1
2219,2,0,1,4,41,2,4,0,6.3,0
2220,0,1,2,4,31,2,4,0,6.4,0
2221,2,4,4,3,0,2,1,0,4.9,0
2222,3,4,0,2,2,4,1,0,6.0,1
2223,1,4,1,2,29,2,0,0,7.0,0
2224,1,4,1,0,25,3,3,0,6.8,1
2225,2,1,0,3,30,0,4,0,6.6,0
2226,0,1,3,0,10,1,0,1,5.3,0
2227,1,4,5,5,23,2,3,0,8.1,0
2228,0,0,2,5,20,2,4,0,6.8,0
2229,0,2,0,1,7,3,4,1,2.6,0
2230,0,4,4,0,26,4,0,1,5.0,0
2231,2,4,0,1,26,5,1,1,7.6,0
2232,0,1,2,4,33,4,1,1,6.4,0
2233,2,4,1,2,8,4,0,1,9.1,0
2234,1,2,2,3,0,2,0,0,3.4,0
2235,1,2,2,4,3,4,0,0,5.6,0
2236,0,4,4,3,40,0,1,1,5.9,0
2237,0,0,0,3,40,7,0,1,9.7,1
2238,3,0,3,4,0,2,2,0,7.5,1
2239,1,4,2,1,18,6,4,0,10.0,0
2240,2,1,2,0,27,5,0,1,6.4,0
2241,2,4,2,2,0,4,0,1,6.4,0
2242,2,3,0,1,8,4,3,0,6.0,0
2243,1,0,0,2,44,3,1,1,10.0,0
2244,1,1,0,3,22,7,3,0,6.4,0
2245,3,4,0,4,27,2,0,0,8.3,1
2246,2,4,1,3,56,2,0,1,4.2,0
2247,1,4,1,0,14,2,0,0,3.1,0
2248,0,1,5,5,5,6,2,1,4.5,0
2249,2,2,0,1,27,6,0,1,5.4,0
2250,1,2,3,0,32,7,1,1,4.8,1
2251,3,4,0,4,25,6,0,0,2.2,1
2252,1,3,0,5,24,4,0,0,7.6,0
2253,0,3,4,2,22,0,0,1,8.3,1
2254,2,4,5,5,24,2,1,1,10.0,0
2255,1,4,2,4,25,7,1,1,10.0,0
2256,3,4,5,1,43,6,2,1,6.4,1
2257,3,1,5,0,20,3,0,0,1.6,1
2258,2,4,2,2,4,2,0,1,8.3,0
2259,2,4,4,4,24,2,0,0,8.3,0
2260,0,4,3,5,36,1,0,0,6.4,0
2261,1,1,5,4,16,1,0,1,8.0,0
2262,3,1,5,0,33,4,4,0,4.0,1
2263,3,0,3,3,29,1,0,0,6.3,1
2264,0,4,1,5,32,2,1,0,5.2,0
2265,0,4,2,1,39,5,2,0,9.9,0
2266,2,0,0,2,16,7,1,1,9.2,0
2267,3,4,2,4,7,1,4,1,1.3,1
2268,1,3,5,4,7,7,2,1,6.2,0
2269,0,0,0,3,29,2,0,0,5.7,1
2270,2,4,2,3,26,7,1,0,3.3,0
2271,2,1,2,4,0,7,0,1,3.4,0
2272,0,4,5,1,0,2,2,1,3.2,0
2273,1,4,1,2,12,4,2,0,10.0,0
2274,1,2,2,3,7,1,3,0,7.7,0
2275,3,3,5,0,11,7,4,1,3.2,1
2276,3,4,1,5,17,3,1,0,5.5,1
2277,2,0,0,0,9,4,1,0,6.4,0
2278,0,4,4,4,25,1,0,0,3.9,0
2279,1,4,1,3,0,3,1,0,5.2,0
2280,1,4,4,0,11,4,1,0,5.3,0
2281,2,4,2,4,8,1,1,0,10.0,0
2282,1,4,0,4,21,1,0,0,7.5,1
2283,0,4,5,0,6,6,0,1,4.0,0
2284,2,4,0,4,20,2,3,0,2.7,0
2285,1,4,1,1,43,7,1,0,6.8,0
2286,1,3,0,5,11,4,4,1,8.5,0
2287,0,2,0,0,45,5,0,0,10.0,0
2288,0,1,1,5,19,4,1,1,6.4,0
2289,0,1,4,4,8,4,1,1,5.3,0
2290,1,4,1,2,25,2,0,0,8.0,0
2291,0,3,3,0,13,4,0,0,3.5,1
2292,2,4,5,3,27,7,0,1,4.9,0
2293,3,4,5,2,0,4,4,1,6.9,1
2294,1,4,5,0,9,2,0,1,6.1,0
2295,3,4,2,5,8,3,1,1,3.3,1
2296,2,4,4,5,11,5,0,0,6.4,0
2297,1,4,3,0,56,2,2,1,3.8,0
2298,0,4,2,0,10,4,0,0,5.3,0
2299,2,4,0,5,4,2,1,1,6.4,0
2300,3,1,3,0,33,7,1,0,6.4,1
2301,3,3,3,5,13,7,0,0,6.4,1
2302,3,4,2,5,3,1,1,0,5.7,1
2303,1,4,4,0,7,2,1,0,1.9,0
2304,0,4,0,0,10,4,0,1,9.1,0
2305,2,3,3,3,1,4,0,0,4.1,0
2306,2,4,3,2,44,1,0,0,6.4,0
2307,1,4,4,1,11,2,3,0,7.5,0
2308,2,4,0,3,0,1,2,0,3.6,0
2309,3,1,2,3,4,2,1,1,6.4,1
2310,3,4,0,4,9,3,1,0,8.4,1
2311,2,0,5,3,19,1,1,0,8.4,0
2312,1,4,1,4,40,2,4,0,6.4,0
2313,3,4,4,4,1,2,0,0,6.4,1
2314,0,4,5,1,38,5,3,0,8.6,1
2315,0,1,1,2,35,2,2,1,2.5,0
2316,3,4,5,4,14,4,0,1,8.0,1
2317,3,1,1,4,36,2,3,0,3.3,1
2318,3,4,5,4,6,4,0,0,2.6,1
2319,3,4,3,3,45,5,3,0,6.4,1
2320,2,4,5,0,35,2,0,0,7.0,0
2321,1,1,0,5,15,5,1,1,6.9,0
2322,1,2,1,4,11,2,1,0,6.3,0
2323,1,1,1,1,31,6,3,1,4.2,0
2324,1,4,0,4,46,2,1,0,9.1,0
2325,3,4,4,0,20,7,3,0,7.2,1
2326,1,4,0,0,41,1,0,0,2.2,0
2327,1,4,4,5,38,2,0,0,5.9,0
2328,3,1,3,0,2,2,1,0,5.3,1
2329,2,4,3,4,49,2,0,1,6.5,0
2330,0,2,2,2,28,2,1,1,8.6,0
2331,0,0,3,4,35,2,0,0,5.1,0
2332,2,0,2,2,30,4,4,0,5.3,0
2333,0,4,2,0,25,2,1,0,8.2,0
2334,2,4,2,0,30,2,3,0,6.0,0
2335,1,1,0,2,30,2,0,1,10.0,0
2336,0,4,1,5,38,4,3,0,9.7,0
2337,2,0,0,5,20,3,0,0,8.4,0
2338,3,3,2,5,15,1,0,0,7.4,1
2339,2,2,3,5,8,2,3,0,6.4,0
2340,2,4,1,3,48,2,2,0,2.9,1
2341,2,2,4,5,20,1,1,0,9.0,1
2342,2,4,5,5,24,6,0,0,4.0,0
2343,0,3,2,1,24,2,2,0,3.5,0
2344,3,0,1,4,27,7,2,0,4.3,1
2345,1,4,1,1,37,1,0,0,3.0,0
2346,1,4,2,3,0,2,1,1,4.8,0
2347,2,4,5,4,14,7,0,0,7.5,0
2348,3,4,2,2,31,4,0,1,5.3,1
2349,2,2,4,1,18,4,3,0,3.7,0
2350,3,4,3,0,33,6,0,0,7.4,1
2351,0,2,0,0,24,0,2,0,6.8,0
2352,3,0,1,5,16,2,1,1,6.4,1
2353,0,4,1,2,29,2,1,0,9.9,0
2354,0,0,5,0,10,2,0,0,6.4,0
2355,1,4,0,2,6,7,1,0,5.7,0
2356,2,1,3,0,42,1,3,0,1.9,0
2357,2,4,4,5,6,1,0,0,6.4,0
2358,3,4,1,1,30,7,0,0,9.3,1
2359,2,4,1,5,48,7,0,0,6.4,0
2360,1,4,5,1,24,4,0,0,9.2,0
2361,3,4,0,4,10,2,1,1,5.8,1
2362,2,3,0,1,21,4,0,1,6.4,0
2363,2,4,3,0,32,0,2,0,5.5,1
2364,0,4,2,1,0,7,0,1,9.1,0
2365,0,4,5,0,0,2,2,0,10.0,0
2366,2,4,3,3,7,7,0,1,6.4,0
2367,0,1,1,1,18,2,0,1,6.4,0
2368,2,4,2,4,28,6,0,0,5.6,0
2369,3,4,2,3,17,5,0,0,1.3,1
2370,1,4,3,4,6,3,0,1,6.9,0
2371,3,4,5,2,6,2,1,1,8.8,1
2372,3,1,2,5,44,2,0,1,5.7,1
2373,3,0,3,1,29,1,0,0,5.5,1
2374,0,4,5,0,13,4,0,0,6.4,0
2375,0,4,4,0,0,4,1,0,6.6,0
2376,3,1,0,2,22,7,1,1,9.4,1
2377,1,2,2,5,17,1,0,0,7.8,0
2378,2,1,0,2,14,3,4,0,7.6,0
2379,1,4,3,5,11,2,3,1,6.4,0
2380,0,4,3,0,0,2,3,0,7.4,0
2381,3,4,2,2,0,2,4,1,7.2,1
2382,2,4,2,0,28,2,0,0,0.7,0
2383,0,0,3,2,9,6,0,0,6.4,0
2384,2,4,2,4,7,2,1,0,6.4,0
2385,0,0,2,0,0,4,2,1,9.1,0
2386,0,1,3,2,8,2,2,1,6.4,0
2387,0,4,5,2,19,4,2,0,6.4,1
2388,0,1,2,5,9,6,0,1,6.2,0
2389,0,4,5,2,18,4,0,0,8.9,1
2390,3,4,5,2,13,7,0,0,6.0,1
2391,1,4,3,4,28,4,1,1,9.5,1
2392,0,4,4,4,36,4,0,1,4.4,0
2393,0,2,1,5,9,3,1,0,7.2,1
2394,2,3,1,2,30,2,4,1,4.5,0
2395,0,4,3,5,29,2,2,1,2.0,0
2396,1,4,3,1,16,1,0,1,2.0,0
2397,1,2,1,3,20,5,2,0,6.3,0
2398,0,4,3,4,30,2,2,1,7.2,1
2399,2,4,0,1,18,2,1,0,10.0,0
2400,3,4,3,1,21,2,0,1,6.6,1
2401,1,1,5,1,8,4,1,1,2.7,0
2402,2,2,1,5,23,2,0,0,6.4,0
2403,0,0,4,3,36,7,4,0,6.4,0
2404,0,4,0,1,1,1,4,0,5.6,0
2405,1,4,5,4,27,2,0,0,5.2,1
2406,0,4,5,5,4,4,4,1,2.7,0
2407,1,4,0,2,0,0,0,0,6.1,0
2408,2,4,1,0,19,2,0,1,4.0,0
2409,2,0,3,2,19,7,4,0,6.9,0
2410,1,0,1,2,5,7,4,0,10.0,0
2411,3,4,1,0,30,3,0,0,5.1,1
2412,1,4,2,3,16,7,3,1,7.1,0
2413,3,4,2,5,6,4,4,1,6.4,1
2414,0,4,3,1,8,5,0,0,6.4,0
2415,1,2,2,5,11,2,4,0,6.4,0
2416,1,4,0,2,0,7,4,0,3.3,0
2417,3,4,3,1,9,2,2,0,8.8,1
2418,0,4,4,1,30,6,1,0,10.0,0
2419,3,4,5,5,29,6,1,0,5.2,1
2420,0,3,2,1,47,3,0,0,6.5,0
2421,3,1,1,2,39,2,0,0,6.2,1
2422,1,0,5,4,32,1,3,0,6.7,0
2423,0,4,1,4,8,7,1,0,2.7,0
2424,0,4,4,5,32,2,2,1,6.0,1
2425,2,4,4,5,10,2,0,1,6.4,0
2426,2,1,1,5,18,2,3,1,8.2,0
2427,3,4,3,3,39,4,1,1,10.0,1
2428,3,3,4,1,37,7,3,1,4.2,1
2429,3,4,1,5,34,6,0,1,8.4,1
2430,1,1,4,4,0,1,0,1,5.1,0
2431,3,0,1,3,6,7,0,0,6.8,1
2432,0,1,4,2,8,3,3,1,4.2,0
2433,1,4,5,3,35,2,0,0,5.0,0
2434,1,1,1,0,13,1,0,1,6.4,0
2435,3,4,3,3,0,3,2,0,8.7,1
2436,2,0,1,0,5,6,0,0,4.4,0
2437,0,4,4,4,9,3,1,1,7.0,0
2438,2,1,0,3,4,2,0,0,6.4,0
2439,0,4,3,2,37,5,0,0,7.3,0
2440,0,2,1,4,28,3,1,0,6.2,0
2441,1,4,1,5,23,3,1,0,7.5,0
2442,1,1,5,0,36,2,2,1,7.4,0
2443,3,2,1,4,13,3,0,1,10.0,1
2444,1,4,5,2,53,2,0,1,9.6,0
2445,2,2,2,4,24,1,0,0,6.4,1
2446,2,4,1,2,20,7,0,0,9.2,0
2447,1,1,2,5,25,0,0,1,8.4,0
2448,1,4,0,4,13,5,1,0,6.4,0
2449,1,1,2,1,1,2,0,0,4.5,0
2450,0,1,2,2,7,2,1,1,6.8,0
2451,2,4,3,2,36,1,0,0,9.4,0
2452,0,0,4,3,24,6,2,1,6.0,1
2453,1,4,5,0,47,2,0,0,4.8,0
2454,2,4,2,5,34,3,0,1,5.3,0
2455,3,4,5,4,30,7,3,1,10.0,1
2456,3,4,3,5,1,6,1,1,6.4,1
2457,2,4,2,4,20,1,0,0,5.6,0
2458,2,4,2,0,26,1,2,1,10.0,0
2459,0,4,0,5,28,2,2,1,7.8,1
2460,1,4,2,5,33,1,2,0,7.4,0
2461,0,4,2,5,8,4,0,0,6.0,1
2462,0,4,4,0,15,0,3,0,7.2,0
2463,0,3,0,2,31,2,0,0,9.3,0
2464,2,4,0,3,1,2,1,1,5.7,1
2465,2,3,1,2,0,4,1,0,9.6,0
2466,1,4,2,3,25,2,0,0,9.5,0
2467,3,2,0,1,28,1,1,1,6.3,1
2468,0,4,5,4,9,7,0,0,6.4,0
2469,1,4,3,5,29,2,1,0,2.4,0
2470,1,0,1,1,34,4,2,0,6.7,0
2471,3,4,0,2,25,4,1,1,10.0,1
2472,3,4,5,0,30,0,2,1,4.5,1
2473,0,4,3,2,16,4,0,0,6.4,0
2474,0,4,5,4,4,1,4,1,8.8,1
2475,2,3,1,3,27,5,2,0,6.4,0
2476,2,4,5,0,22,2,4,1,3.1,0
2477,3,1,0,4,0,3,0,1,7.5,1
2478,0,0,4,4,13,3,0,1,7.1,0
2479,3,2,3,5,19,2,0,0,3.2,1
2480,0,4,2,0,44,0,0,1,10.0,0
2481,2,4,4,0,31,1,0,0,2.6,0
2482,3,4,5,3,30,1,3,0,5.4,1
2483,3,4,4,2,16,3,1,1,5.5,1
2484,3,3,1,4,5,3,3,0,8.7,1
2485,1,4,0,1,5,2,1,0,4.5,0
2486,3,3,1,1,11,5,2,1,3.5,1
2487,0,3,2,1,19,2,1,1,6.4,0
2488,2,0,2,3,49,4,0,0,4.6,0
2489,3,0,0,0,14,5,4,0,5.6,1
2490,0,1,5,1,33,2,0,1,5.8,0
2491,0,2,5,4,37,3,2,1,6.3,0
2492,2,0,4,3,0,1,4,0,6.9,0
2493,0,4,1,4,15,4,0,1,6.4,0
2494,0,4,2,0,12,6,0,1,5.8,0
2495,3,2,1,1,11,0,0,0,6.4,1
2496,3,1,0,3,23,1,1,0,8.3,1
2497,1,4,4,5,9,2,3,0,6.4,0
2498,0,4,1,5,5,5,0,0,5.4,0
2499,1,0,1,3,49,1,0,0,0.4,0
2500,0,4,5,4,44,3,0,0,6.4,0
2501,1,1,0,2,21,2,1,0,5.0,0
2502,3,4,1,4,22,0,0,1,4.8,1
2503,3,1,0,1,13,3,2,0,10.0,1
2504,3,2,2,1,23,2,0,1,6.4,1
2505,1,1,1,4,26,6,0,0,10.0,0
2506,1,4,0,3,0,4,0,1,8.0,0
2507,0,1,2,1,0,2,4,0,6.9,0
2508,3,4,0,1,18,2,3,1,4.8,1
2509,3,4,3,5,14,4,1,0,3.2,1
2510,0,4,1,1,37,2,4,0,7.9,0
2511,3,4,5,4,13,6,3,1,5.3,1
2512,2,4,2,0,13,3,4,0,1.8,0
2513,3,1,1,4,15,4,3,0,7.8,1
2514,1,4,2,0,31,3,3,1,9.5,0
2515,2,3,2,4,26,2,0,0,6.5,0
2516,2,1,1,0,30,1,4,1,10.0,0
2517,0,0,3,4,46,1,0,1,3.1,0
2518,1,0,5,5,31,3,0,0,6.4,0
2519,2,4,0,5,19,2,0,1,4.6,0
2520,0,1,2,4,0,3,4,0,4.0,0
2521,2,4,4,4,32,2,0,0,7.3,0
2522,2,4,0,2,14,2,0,0,3.8,0
2523,2,4,1,3,11,2,3,1,4.1,0
2524,2,4,0,1,11,3,3,0,9.8,0
2525,3,3,2,3,0,7,2,0,6.4,1
2526,2,4,5,2,12,6,0,0,3.4,0
2527,2,2,3,0,29,7,0,0,6.4,0
2528,3,0,0,1,29,4,2,1,4.7,1
2529,0,3,4,1,31,1,1,0,7.4,0
2530,2,4,1,5,8,2,0,0,7.8,0
2531,3,1,4,4,18,4,0,0,9.7,1
2532,3,4,5,2,0,7,0,0,4.2,1
2533,1,4,2,3,23,1,0,0,6.2,0
2534,3,4,0,0,26,2,1,0,4.6,1
2535,1,2,3,2,9,2,0,0,4.5,0
2536,3,2,3,3,14,4,3,0,6.4,1
2537,3,4,3,3,0,1,3,0,4.7,1
2538,1,1,4,2,41,3,1,0,4.1,0
2539,2,4,4,4,40,6,4,0,3.6,0
2540,3,4,0,3,8,5,4,1,5.4,1
2541,2,4,4,2,9,2,1,0,10.0,0
2542,3,4,0,2,35,6,2,1,6.4,1
2543,1,4,4,3,25,4,2,1,8.9,0
2544,3,1,3,5,33,3,3,0,8.0,1
2545,3,4,0,0,14,2,4,0,6.4,1
2546,0,3,4,5,40,2,0,0,2.5,0
2547,0,4,5,3,21,4,0,0,6.4,0
2548,3,4,5,2,33,3,1,0,5.3,1
2549,3,4,3,1,48,2,3,0,4.3,1
2550,2,1,1,4,35,2,2,1,5.7,0
2551,1,4,1,2,26,0,0,0,8.9,0
2552,1,3,2,5,41,2,1,1,1.8,0
2553,2,4,3,3,8,7,0,1,9.5,0
2554,2,4,2,0,10,7,0,0,8.0,0
2555,3,4,4,2,28,2,0,0,4.2,1
2556,2,0,4,3,19,2,2,0,6.4,0
2557,2,1,4,1,0,6,0,0,7.2,0
2558,1,4,1,0,8,3,0,0,4.9,0
2559,0,2,5,3,0,0,2,1,5.0,0
2560,1,4,0,0,27,7,0,1,4.7,1
2561,3,4,0,5,41,2,0,0,8.7,1
2562,3,4,2,1,13,1,0,0,7.7,1
2563,0,0,0,5,17,2,1,1,7.4,0
2564,2,1,1,5,40,2,0,1,6.1,0
2565,0,4,0,3,40,2,0,0,8.8,1
2566,0,4,1,1,26,1,2,1,8.4,0
2567,2,4,2,4,4,3,1,0,5.1,0
2568,2,2,0,0,9,7,3,1,5.8,0
2569,0,4,0,0,19,1,4,0,4.9,0
2570,0,4,2,1,24,3,0,1,6.4,0
2571,3,4,1,0,24,7,0,0,9.4,1
2572,0,1,1,3,10,2,0,0,9.1,1
2573,2,4,0,5,2,7,0,0,6.1,0
2574,3,4,2,0,22,2,0,1,6.5,1
2575,2,2,3,4,0,0,0,0,6.4,0
2576,0,2,5,0,25,2,3,0,6.9,0
2577,1,4,0,5,23,2,2,1,5.6,0
2578,3,4,1,5,21,4,0,0,2.8,1
2579,0,4,0,1,27,1,0,0,7.0,1
2580,2,4,3,3,29,4,0,0,6.2,0
2581,2,4,4,0,28,1,3,0,7.3,0
2582,0,3,1,1,39,2,0,0,7.1,0
2583,0,4,4,4,39,0,4,0,6.5,0
2584,2,3,5,5,31,4,3,1,4.9,0
2585,0,1,1,4,21,6,3,0,4.4,0
2586,2,4,0,4,0,4,1,0,3.6,0
2587,3,2,0,4,29,7,1,0,4.2,1
2588,0,4,2,1,40,6,3,1,6.4,0
2589,0,1,3,2,0,2,0,0,8.0,0
2590,1,2,5,3,32,7,0,1,6.1,1
2591,3,4,2,2,26,7,2,1,8.3,1
2592,1,4,1,4,34,2,2,0,4.3,0
2593,2,4,2,2,6,1,2,1,5.7,0
2594,2,4,0,3,21,6,0,0,10.0,0
2595,3,1,1,5,20,2,1,1,6.7,1
2596,3,4,4,4,19,7,0,0,9.0,1
2597,0,2,1,3,8,4,3,0,4.5,0
2598,0,0,1,0,21,2,2,0,9.1,0
2599,2,2,4,0,15,7,2,0,6.8,1
2600,1,4,3,0,8,4,0,0,5.0,1
2601,3,4,4,0,22,2,0,0,6.1,1
2602,0,4,0,5,25,2,1,0,10.0,0
2603,1,4,2,2,0,2,0,0,6.4,0
2604,3,2,2,5,22,2,1,0,5.6,1
2605,2,1,2,0,22,7,3,0,5.2,0
2606,2,3,4,3,13,3,1,0,7.0,0
2607,1,0,2,1,31,2,0,1,5.4,0
2608,2,4,0,5,33,3,0,1,9.1,0
2609,0,4,4,3,16,7,2,1,6.9,0
2610,1,4,0,4,17,2,0,0,8.1,0
2611,0,4,5,5,16,2,0,0,7.0,0
2612,2,0,1,2,29,2,1,0,6.4,0
2613,1,2,1,2,14,1,0,1,6.4,0
2614,2,4,0,0,29,2,0,0,5.6,0
2615,0,4,4,1,40,3,2,0,4.5,1
2616,3,4,0,3,10,1,0,0,5.8,1
2617,3,4,4,2,15,2,3,0,7.3,1
2618,2,3,3,0,5,4,0,0,4.6,0
2619,3,2,2,0,7,6,4,0,0.2,1
2620,2,0,1,4,48,3,2,0,6.8,0
2621,1,0,1,3,11,2,3,1,5.5,0
2622,3,4,5,1,32,3,2,1,8.3,1
2623,2,4,5,3,30,4,4,0,9.9,0
2624,1,4,3,4,56,4,1,0,4.5,0
2625,1,4,5,4,15,4,0,0,5.2,0
2626,2,4,0,0,11,4,0,0,7.4,0
2627,0,4,0,4,16,2,0,0,9.3,0
2628,1,1,2,5,21,7,1,0,7.5,0
2629,2,3,4,5,0,2,1,0,7.8,0
2630,1,4,4,5,22,4,0,0,8.8,0
2631,0,1,4,0,5,2,0,0,2.2,0
2632,3,2,5,0,38,1,1,0,6.2,1
2633,2,4,2,4,13,2,1,0,3.2,0
2634,3,4,1,2,25,2,2,0,3.9,1
2635,0,4,3,2,19,4,0,0,6.7,0
2636,1,4,4,4,30,7,0,1,6.4,0
2637,1,2,2,5,27,4,0,1,6.0,0
2638,3,2,2,3,15,2,0,0,6.5,1
2639,3,4,5,2,13,2,2,0,5.0,1
2640,3,0,5,0,38,7,2,0,9.1,1
2641,3,4,1,4,38,1,1,0,5.8,1
2642,0,4,4,2,7,2,0,0,6.4,0
2643,3,4,0,0,0,2,1,0,7.8,1
2644,3,4,1,5,17,2,2,0,9.5,1
2645,3,4,2,5,31,1,0,0,1.6,1
2646,2,1,1,2,40,4,1,0,5.9,0
2647,3,4,4,2,24,2,0,0,3.3,1
2648,3,4,2,3,25,6,2,0,4.4,1
2649,1,2,1,5,31,2,3,1,8.6,0
2650,0,0,1,1,0,5,1,0,6.4,0
2651,2,0,3,3,0,2,1,0,9.5,0
2652,3,4,1,4,19,7,1,0,10.0,1
2653,0,4,0,2,14,1,2,0,5.1,0
2654,2,4,3,4,9,2,0,1,8.1,0
2655,0,1,2,0,13,4,0,0,8.8,0
2656,0,4,2,1,14,3,0,1,6.4,0
2657,3,4,2,3,29,2,3,1,5.1,1
2658,3,4,2,1,21,4,0,1,7.2,1
2659,2,2,3,0,30,3,1,0,6.7,0
2660,1,4,5,0,6,2,0,1,5.4,0
2661,2,4,3,5,46,7,0,0,7.0,0
2662,0,4,3,5,23,6,1,0,5.7,0
2663,2,1,4,2,28,2,2,0,9.2,0
2664,3,0,1,0,42,7,3,1,6.4,1
2665,2,4,3,1,50,2,3,0,7.2,0
2666,1,4,2,2,43,7,1,1,10.0,0
2667,1,3,1,4,12,5,1,1,6.1,0
2668,3,3,4,2,37,3,0,1,7.8,1
2669,2,4,1,5,40,3,0,1,5.8,0
2670,2,2,1,4,15,7,4,0,7.4,0
2671,0,2,2,2,19,1,2,0,6.4,0
2672,3,1,3,5,9,2,0,0,4.9,1
2673,1,0,1,0,33,1,4,0,6.4,0
2674,0,0,0,2,0,6,3,1,4.4,0
2675,2,0,2,3,18,1,1,0,4.0,0
2676,1,1,5,3,0,3,0,0,6.7,0
2677,2,1,2,2,41,3,1,0,9.6,0
2678,2,4,0,2,15,4,3,0,10.0,0
2679,2,4,1,3,0,2,1,1,6.3,0
2680,3,3,0,1,17,0,1,0,6.4,1
2681,3,4,1,3,33,7,1,1,8.6,1
2682,3,4,5,0,11,0,1,1,4.9,1
2683,2,4,0,4,21,2,3,0,6.4,0
2684,3,1,4,0,14,2,2,0,5.4,1
2685,3,0,4,0,26,2,1,1,6.7,1
2686,3,4,2,4,22,2,0,0,4.3,1
2687,1,4,3,5,22,2,1,0,6.4,1
2688,3,4,1,2,7,1,1,0,6.7,1
2689,3,1,1,5,32,2,3,0,6.6,1
2690,0,1,1,2,33,2,0,0,8.0,0
2691,0,4,1,4,8,5,0,0,1.9,0
2692,3,1,3,3,18,7,0,0,9.0,1
2693,0,3,1,4,38,2,0,0,5.0,1
2694,3,3,5,0,12,1,2,0,8.2,1
2695,0,4,4,2,23,1,0,0,2.1,0
2696,0,4,5,5,26,0,2,0,5.4,0
2697,0,4,4,1,31,2,4,0,6.3,0
2698,1,4,5,5,20,6,1,0,10.0,0
2699,3,4,4,1,36,2,1,1,7.5,1
2700,3,4,0,1,0,2,2,0,5.0,1
2701,2,0,5,3,0,2,2,0,4.0,0
2702,1,4,3,5,19,2,1,1,8.3,0
2703,0,1,3,5,25,2,0,0,4.4,0
2704,1,4,4,4,0,0,0,0,3.7,0
2705,3,4,0,0,17,3,0,1,4.3,1
2706,3,1,5,1,16,2,1,0,6.5,1
2707,3,2,5,3,3,0,0,0,7.4,1
2708,3,1,1,4,15,3,1,0,8.4,1
2709,0,4,1,5,6,2,4,0,6.1,0
2710,3,4,2,0,16,4,0,1,7.8,1
2711,3,4,5,1,45,2,0,0,3.1,1
2712,1,1,1,4,7,1,3,0,7.8,0
2713,3,4,4,4,24,0,1,1,5.1,1
2714,0,4,0,3,0,0,3,0,5.5,0
2715,3,4,1,0,19,1,0,1,7.9,1
2716,2,0,2,0,23,1,3,1,5.3,0
2717,1,4,3,1,12,2,3,1,5.4,1
2718,3,3,0,1,32,0,0,0,5.7,1
2719,0,1,4,3,5,4,1,0,7.5,0
2720,3,4,5,5,18,0,0,1,8.4,1
2721,2,4,0,5,19,1,3,1,2.6,0
2722,3,4,0,2,44,3,3,0,8.1,1
2723,3,4,0,0,18,0,0,0,5.3,1
2724,0,4,2,0,23,2,0,0,6.4,0
2725,2,4,5,4,35,2,4,0,10.0,1
2726,3,0,0,3,30,6,4,0,5.9,1
2727,1,4,2,0,24,7,4,0,6.4,0
2728,0,4,1,1,20,2,3,0,3.6,1
2729,1,4,0,5,28,1,3,0,8.0,0
2730,0,4,0,3,28,7,0,0,5.6,0
2731,1,4,5,2,21,3,0,0,6.7,0
2732,1,2,3,0,29,2,0,0,10.0,0
2733,2,4,4,1,21,2,1,1,0.0,0
2734,3,4,4,4,12,4,0,0,4.7,1
2735,0,1,5,1,13,4,4,0,7.8,1
2736,1,4,1,0,4,2,1,0,7.3,0
2737,1,4,1,4,28,0,0,1,4.8,0
2738,3,1,4,2,12,2,1,1,7.0,1
2739,3,3,1,1,0,6,2,0,6.0,1
2740,2,0,5,1,0,1,4,0,8.6,0
2741,0,4,4,0,26,4,4,0,8.5,0
2742,1,4,1,1,13,0,3,1,10.0,0
2743,2,4,1,3,30,5,3,0,6.5,0
2744,2,2,4,0,0,4,4,0,5.2,0
2745,3,4,4,5,31,5,4,1,8.5,1
2746,1,4,1,4,42,4,3,0,4.4,0
2747,2,4,0,0,19,2,0,0,6.1,0
2748,3,1,0,1,10,7,1,0,6.4,1
2749,0,0,5,4,14,4,0,1,6.4,0
2750,1,1,5,5,14,4,1,1,4.2,0
2751,2,4,0,2,5,2,1,0,6.8,0
2752,0,2,0,1,35,6,0,1,7.0,0
2753,3,4,3,1,23,7,1,0,5.4,1
2754,0,1,5,1,17,7,3,1,6.3,0
2755,0,4,2,5,17,4,4,0,8.3,0
2756,1,4,0,4,9,4,3,0,8.2,0
2757,1,4,3,5,34,2,0,1,5.3,0
2758,2,4,4,0,4,3,3,1,7.3,0
2759,1,2,2,4,30,2,0,0,4.6,0
2760,1,4,3,0,15,1,0,1,6.4,0
2761,3,4,1,4,0,6,0,1,4.3,1
2762,1,4,2,2,22,1,1,1,4.2,0
2763,3,0,5,0,0,2,2,0,6.3,1
2764,3,3,0,4,31,1,1,0,10.0,1
2765,2,2,2,1,34,7,0,1,10.0,0
2766,1,0,4,5,17,2,0,1,6.4,0
2767,3,0,5,2,13,6,2,0,4.9,1
2768,1,4,1,0,31,7,3,0,8.3,0
2769,1,4,1,0,46,7,4,0,5.1,0
2770,3,4,2,4,7,1,3,1,10.0,1
2771,3,4,0,1,8,2,1,0,8.4,1
2772,1,2,1,0,17,7,0,0,8.3,0
2773,2,4,3,0,13,2,0,0,2.1,0
2774,2,1,3,4,45,7,2,1,10.0,0
2775,1,3,1,2,43,2,1,0,6.4,0
2776,0,4,0,1,20,3,0,1,6.2,0
2777,2,2,2,4,36,2,3,1,6.8,0
2778,2,0,5,4,34,4,4,0,7.4,0
2779,0,4,5,4,1,1,2,0,6.8,0
2780,3,0,1,0,21,4,2,1,6.5,1
2781,1,4,1,4,1,2,1,1,2.1,0
2782,2,4,5,0,14,4,1,0,7.2,0
2783,1,4,3,2,37,4,4,1,3.2,0
2784,2,4,1,0,26,2,0,0,8.2,0
2785,3,4,3,4,33,7,1,0,6.4,1
2786,3,4,0,1,12,3,0,0,5.2,1
2787,2,0,5,2,23,4,3,1,3.6,0
2788,0,4,5,1,32,2,0,0,7.3,0
2789,2,3,2,2,25,2,0,1,10.0,0
2790,3,4,3,0,14,2,1,1,4.5,1
2791,1,4,0,1,0,3,1,1,6.1,0
2792,2,4,0,0,0,0,0,1,6.4,0
2793,1,4,5,3,23,2,2,0,6.7,0
2794,1,4,3,3,21,4,0,0,9.2,0
2795,0,1,5,1,0,2,0,0,10.0,0
2796,1,1,1,4,11,2,0,0,3.7,1
2797,3,4,0,3,18,2,4,0,10.0,1
2798,2,4,4,4,8,5,0,1,8.5,0
2799,1,4,2,4,22,2,1,1,8.0,0
2800,1,4,0,1,23,4,4,0,9.1,0
2801,3,4,4,4,17,2,0,0,9.5,1
2802,1,3,5,2,48,2,0,0,2.7,0
2803,2,4,0,5,19,1,2,0,6.4,0
2804,1,2,4,3,5,2,2,0,7.1,0
2805,3,4,1,2,24,4,0,0,6.4,1
2806,0,1,1,4,12,3,0,0,5.4,0
2807,3,1,0,3,33,4,0,0,5.2,1
2808,0,4,1,2,28,2,4,0,6.4,0
2809,1,4,5,3,7,4,2,1,2.6,1
2810,1,4,1,2,9,4,0,1,6.3,0
2811,0,3,4,0,30,3,2,1,5.9,0
2812,0,4,5,2,22,7,0,0,6.9,0
2813,0,2,2,0,27,3,1,0,4.7,0
2814,2,4,3,4,16,2,0,0,3.6,0
2815,3,0,0,5,8,2,0,0,8.0,1
2816,3,4,1,2,8,7,4,0,7.2,1
2817,0,2,0,1,26,2,1,0,4.6,0
2818,2,3,0,4,4,2,0,1,8.1,0
2819,1,2,0,5,20,7,0,0,4.6,0
2820,1,4,2,3,9,7,0,1,1.7,0
2821,2,4,2,3,4,7,0,0,8.7,1
2822,3,4,2,5,28,2,0,0,9.6,1
2823,3,0,5,2,12,3,0,1,6.3,1
2824,1,4,0,1,10,0,0,0,5.2,0
2825,3,4,3,4,11,7,0,0,6.8,1
2826,1,4,5,4,51,2,0,0,3.5,0
2827,3,2,0,2,19,4,0,0,10.0,1
2828,3,4,5,5,47,6,0,0,8.2,1
2829,2,4,0,3,6,7,4,1,7.8,0
2830,2,0,0,2,37,7,2,0,6.4,0
2831,0,4,1,5,12,0,0,1,4.3,0
2832,0,4,5,0,27,4,2,1,6.4,0
2833,0,4,1,1,34,7,2,0,10.0,0
2834,3,4,1,4,46,2,3,1,6.4,1
2835,1,1,1,0,15,7,4,0,8.8,0
2836,3,4,3,1,11,2,4,0,7.8,1
2837,0,4,2,0,28,2,3,1,7.0,0
2838,0,3,1,2,13,4,1,0,7.0,0
2839,3,4,2,2,38,2,1,0,5.1,1
2840,0,3,3,4,16,7,3,1,6.9,0
2841,3,0,4,0,5,2,3,0,2.7,1
2842,3,4,3,5,15,5,1,1,7.0,1
2843,3,1,4,0,13,4,0,1,6.4,1
2844,0,4,3,3,26,2,0,1,9.5,0
2845,1,4,5,2,29,2,3,1,7.9,0
2846,3,1,2,0,24,4,0,0,7.9,1
2847,2,1,2,5,0,4,4,1,5.0,1
2848,1,4,0,2,20,2,0,0,10.0,0
2849,3,4,5,1,36,2,0,1,5.5,1
2850,0,4,1,4,1,2,0,1,4.9,0
2851,1,4,5,4,20,7,3,1,8.6,0
2852,3,4,1,4,15,1,1,1,10.0,1
2853,3,4,1,3,36,2,0,1,5.6,1
2854,0,4,1,3,32,7,0,0,7.0,0
2855,1,4,3,1,20,7,0,0,6.4,1
2856,2,1,5,4,26,4,3,0,2.7,0
2857,2,4,2,0,25,1,0,0,7.4,0
2858,2,4,4,2,17,4,3,0,6.4,0
2859,1,4,1,5,6,2,0,0,6.4,0
2860,2,1,0,4,22,4,2,0,5.1,0
2861,3,4,5,1,28,6,2,0,6.4,1
2862,3,3,0,2,46,4,3,0,1.8,1
2863,0,4,1,3,17,4,0,1,9.7,0
2864,1,1,1,5,47,0,0,0,6.8,0
2865,2,0,0,1,17,2,0,1,5.5,0
2866,1,0,5,0,5,5,0,0,6.4,0
2867,1,4,5,5,9,6,0,0,10.0,0
2868,0,2,5,2,28,2,0,1,9.0,0
2869,0,1,3,0,44,2,0,1,1.0,1
2870,1,4,2,2,13,4,0,1,7.8,0
2871,0,4,2,1,17,2,1,1,6.4,0
2872,1,4,3,4,0,0,0,1,8.1,0
2873,2,3,1,1,42,4,0,0,4.8,0
2874,0,1,3,4,16,4,0,0,9.1,0
2875,2,3,5,0,22,2,0,0,5.8,0
2876,0,4,2,3,29,2,2,0,5.0,1
2877,0,0,1,5,15,3,1,0,9.8,0
2878,1,4,3,0,4,2,0,1,3.9,0
2879,0,3,4,5,4,2,4,0,7.6,1
2880,0,4,1,1,42,7,0,0,4.8,0
2881,0,3,3,0,22,1,1,1,7.1,0
2882,0,1,2,5,0,0,3,0,6.0,0
2883,1,3,2,4,4,7,0,0,6.4,0
2884,0,3,2,5,27,6,3,0,6.2,0
2885,3,4,3,2,3,2,0,0,6.4,1
2886,1,4,2,5,20,3,0,0,6.8,0
2887,2,1,0,4,0,5,0,0,8.3,0
2888,3,0,2,4,15,4,1,0,8.4,1
2889,2,4,5,0,10,0,4,0,7.3,0
2890,0,4,1,1,35,2,0,0,10.0,0
2891,2,0,5,1,36,1,0,1,5.7,0
2892,0,4,1,3,22,5,0,1,7.5,0
2893,1,1,0,2,0,4,4,0,6.4,0
2894,0,4,5,2,0,1,2,0,8.3,0
2895,0,4,2,3,24,6,4,0,6.4,1
2896,0,4,4,1,48,2,3,0,6.8,0
2897,2,4,1,2,22,2,1,0,7.7,0
2898,3,4,2,3,19,2,0,0,8.5,1
2899,3,2,3,3,0,4,2,0,6.3,1
2900,2,1,3,4,42,3,3,0,5.2,0
2901,3,1,4,3,28,2,2,0,10.0,1
2902,1,0,1,5,22,2,1,1,7.4,0
2903,2,1,5,1,7,1,2,0,6.4,0
2904,0,4,2,0,3,2,3,1,5.8,0
2905,0,4,5,3,27,6,3,0,7.9,0
2906,2,4,3,5,27,2,0,1,4.7,0
2907,1,4,2,2,22,3,3,0,7.1,0
2908,0,4,0,3,18,2,0,1,5.7,1
2909,1,3,5,1,32,2,0,1,7.4,0
2910,2,4,3,5,13,3,1,1,6.4,1
2911,3,4,0,4,0,3,1,0,6.4,1
2912,3,3,2,1,22,7,0,0,6.0,1
2913,3,2,4,5,0,0,3,1,6.4,1
2914,0,0,3,5,21,7,0,1,8.4,0
2915,3,1,2,2,10,2,0,1,6.3,1
2916,0,4,4,1,0,6,0,0,6.4,0
2917,3,4,0,1,27,7,0,1,6.4,1
2918,3,4,0,4,10,3,0,0,9.3,1
2919,0,4,5,5,24,6,2,0,6.4,0
2920,0,0,0,0,33,2,0,0,3.7,0
2921,3,1,1,3,28,2,0,1,6.4,1
2922,2,4,5,5,34,2,3,1,6.9,0
2923,0,4,0,2,30,7,0,1,5.7,0
2924,3,1,4,1,8,2,0,1,7.9,1
2925,1,1,0,0,0,3,0,1,5.7,0
2926,0,1,2,2,36,2,1,1,6.1,0
2927,0,4,4,2,33,4,0,0,9.1,0
2928,2,4,1,1,3,0,0,0,7.0,0
2929,1,4,0,4,15,7,3,0,8.0,0
2930,2,4,4,5,0,5,2,1,5.6,0
2931,1,0,4,3,16,2,0,0,4.0,0
2932,0,1,2,1,12,3,0,0,8.5,0
2933,1,4,0,3,36,2,1,1,4.7,0
2934,2,0,4,2,26,1,0,1,7.9,0
2935,1,4,1,5,0,3,1,1,4.6,0
2936,0,4,1,4,26,1,0,0,8.2,0
2937,0,4,3,2,24,1,0,1,6.7,0
2938,0,1,0,0,24,6,3,0,6.6,0
2939,2,2,2,3,21,1,3,0,6.4,0
2940,3,1,3,4,25,5,3,0,9.5,1
2941,0,3,5,0,10,2,1,0,6.4,0
2942,2,1,3,4,4,4,4,0,7.2,0
2943,1,4,1,1,2,3,3,0,5.7,0
2944,3,4,4,4,13,4,0,1,8.6,1
2945,0,3,2,4,19,2,3,0,5.3,0
2946,3,4,2,2,39,7,3,0,7.8,1
2947,3,0,4,2,30,2,0,1,6.3,1
2948,1,0,5,0,26,3,0,1,4.9,1
2949,0,4,2,3,21,5,0,1,5.4,1
2950,0,4,3,5,46,2,1,0,4.8,0
2951,3,4,5,3,0,0,0,0,6.2,1
2952,3,1,2,3,22,2,4,1,6.8,1
2953,1,4,1,4,0,3,0,1,7.2,0
2954,2,4,1,0,14,3,0,0,2.9,0
2955,3,4,2,1,37,2,3,0,6.4,1
2956,0,2,1,0,20,2,0,0,3.5,1
2957,1,4,2,2,21,2,1,0,2.6,0
2958,2,4,4,5,26,0,0,0,5.8,1
2959,3,4,5,4,2,4,1,0,7.7,1
2960,3,0,2,4,0,2,1,1,6.4,1
2961,2,2,2,0,14,0,3,0,10.0,0
2962,2,4,5,5,24,2,4,0,6.2,0
2963,1,4,0,1,16,5,4,1,5.8,1
2964,3,4,5,4,6,3,3,0,4.1,1
2965,0,4,2,2,48,2,2,0,7.7,0
2966,2,0,2,1,5,3,3,1,6.4,0
2967,2,4,5,0,22,7,1,0,4.4,1
2968,3,4,5,3,14,0,2,1,4.8,1
2969,3,1,0,1,0,3,4,0,6.4,1
2970,3,4,5,5,7,1,3,1,4.7,1
2971,1,4,0,1,23,4,1,0,6.2,0
2972,2,4,5,4,44,4,3,0,6.4,0
2973,2,1,3,5,31,7,0,0,6.4,0
2974,1,4,3,0,4,0,4,0,6.2,0
2975,2,2,2,0,28,2,1,0,3.5,0
2976,2,4,5,1,5,2,1,1,6.8,0
2977,2,4,0,2,22,4,0,0,6.5,0
2978,2,4,3,3,28,7,2,0,6.4,0
2979,1,1,4,1,51,2,2,1,7.5,0
2980,2,4,0,1,39,5,3,0,10.0,0
2981,3,4,5,2,24,2,0,0,4.3,1
2982,2,3,3,5,17,1,1,0,6.4,0
2983,2,3,1,1,27,2,4,1,7.0,0
2984,3,2,1,5,6,3,0,0,5.3,1
2985,1,4,0,4,34,2,0,1,3.9,0
2986,0,1,4,2,33,0,3,0,5.8,0
2987,0,4,4,5,18,3,2,1,7.1,0
2988,3,1,1,5,29,4,0,1,3.1,1
2989,1,2,4,1,24,3,2,1,7.7,0
2990,1,2,5,2,14,2,3,0,9.8,1
2991,2,4,4,0,38,1,1,1,8.3,0
2992,0,4,1,5,24,2,0,0,6.4,0
2993,3,4,4,0,16,0,0,1,5.8,1
2994,2,4,2,5,18,2,0,0,8.3,1
2995,2,2,4,2,43,4,2,0,5.0,0
2996,0,1,2,1,41,7,0,1,5.5,0
2997,0,4,4,2,32,2,4,0,6.2,1
2998,3,4,3,0,19,6,1,1,6.7,1
2999,2,1,5,4,42,0,2,0,5.0,0
